01/01/2014,01/02/2014,01/03/2014,01/04/2014,01/05/2014,01/06/2014,01/07/2014,01/08/2014,01/09/2014,01/10/2014,01/11/2014,01/12/2014,1/13/2014,1/14/2014,1/15/2014,1/16/2014,1/17/2014,1/18/2014,1/19/2014,1/20/2014,1/21/2014,1/22/2014,1/23/2014,1/24/2014,1/25/2014,1/26/2014,CONS_NO
2401,2500,2674,2432,2231,1942,2752,1244,2069,2360,2370,1140,1051,3167,2155,2423,343,2369,1774,2089,1300,2419,2462,1177,340,2272,A0E791400CF1C48C43DC26A68227854A
3318,282,540,5670,4854,4170,4848,3546,4416,3966,4392,3414,612,2802,3960,3654,3306,3258,3876,3228,3054,3840,1422,1956,1380,96,B415F931D3BFB17ACEF48BC648B04FC2
1020.8,1097.4,1377.4,1408.8,1414.8,1387.4,1444.6,1325,1461.6,1253.2,1313,1476.8,1012.2,1419.2,1383.2,1540.6,1301.2,1351.4,1214.6,1285.4,1279.6,1188.6,1362.6,1286,1267.6,1444,DE8E1EAE4E578C0CEF92D1E23499888F
0,1183.8,1190.4,1183.8,0,1154.4,1166.4,1183.8,1169.4,1174.2,1228.2,1183.8,1194.6,1154.4,1129.8,1103.4,1099.8,1158.6,0,1072.8,1090.8,1090.2,1101,1079.4,1121.4,1145.4,2952491E940C9040B188B3C9095910D6
1445.7,1348.2,1281.9,1276.35,1219.95,1289.85,1298.55,1326.15,1410.6,1376.7,1258.05,1064.25,1035.9,1006.65,1154.4,1417.2,1321.05,1398.6,1331.85,1392.9,1213.2,1463.1,1405.5,1240.05,1190.25,1455.45,DBEED8FD0E7F5E0D1BAF1F86F4983459
18.75,867.6,1013.4,927,1023.45,20.4,813.9,893.4,922.05,1038.6,22.2,19.2,929.25,811.05,25.2,829.35,835.8,908.55,944.7,21.6,14.7,14.85,16.8,4.35,4.35,2.85,9495BA31FC50C86D827FE1D5B1D8773B
581.88,582.45,582.69,656.26,668.23,710.57,686.93,653.95,680.88,738.35,695.04,697.44,708.26,742.05,720.73,695.43,628.68,661.61,728.51,685.44,696.79,727.92,726.59,671.9,679.77,629.39,58A9AA93B0455CE70D447B13CAF9876E
0,0,0,0,0,0,0,0,0,0,0,592.5,711.3,723.3,736.9,798.6,215.3,0,0,0,0,0,0,0,0,0,1BC425A74948B48CED2DD171224E219C
674.72,720.87,569.51,706.73,735.65,741.6,580.15,603.62,675.58,631.21,653.91,618.7,673.55,661.8,661.47,655.46,631.71,643.75,674.75,598.01,675.45,685.81,731.9,699.72,512.78,653.08,231B2821E4D98BBFF9E3E111D391ECF5
736,676,1140,780,776,768,1676,1216,620,1528,960,1144,768,592,308,340,328,284,280,324,284,276,332,292,332,776,E24AC6F28F330CCDBAEAFCD82E86609B
133.95,436.05,558.3,610.2,632.1,638.55,581.55,595.05,572.4,615.75,607.95,590.85,588.6,583.05,614.85,610.05,603.75,587.85,620.55,600.6,585.6,599.85,591.15,498.9,394.35,422.7,B863662FFE6AF2272F5E9749C6CFC0AC
575.7,492,430.5,527.7,577.5,504,464.7,387.6,499.8,570.6,0,477.6,527.7,543.3,672,589.5,568.2,574.8,572.1,589.5,660.6,734.7,638.7,521.1,558,531.6,30C62896BD4C8E9C95323A6867974C18
519.8,1104.4,1494.2,1544.8,1554.6,1777,1763.6,1779.2,1898.6,1759.6,618.4,595.2,601.8,542,543.2,504.8,503.2,506.8,487.4,0,0,498.8,0,426,609,1154,CC20362FC534A57BB37B84F009106947
312,504,468,282,300,510,516,480,528,504,300,276,510,528,516,534,492,264,270,492,534,534,528,498,288,510,67401768ADEDE27B28C2FC9B397AF0BA
29.9,55.78,45.65,58.17,36.21,117.94,215.28,362.25,454.26,361.96,476.34,486.04,503.43,510.47,492.33,376.45,251.44,247.07,93.4,54.95,23.85,29.55,24.51,22.01,14.5,17.67,9575A8D9320263231F17ADDB8E01A093
426.64,434.28,461.78,427.63,444.75,443.08,383.86,395.36,473.93,486.43,448.99,454.94,428.07,426.34,432.77,401.74,390.6,371.43,406.27,417.96,393.91,370.46,352.92,0,0,387.36,E32A293853BF871F058FAFB707D4C183
435.6,464.2,352,350.6,397.2,366.6,293.4,337.2,311.4,362.6,360,352.6,397.2,406.8,360.4,336,381.4,414.2,379.2,429.4,454.8,444.8,508.8,446.4,388.8,382.4,DB57CB0C40DC400C6D3365E306280B79
9.01,8.28,6.6,6.82,7.65,7.51,6.3,6.24,6.6,5.7,7.12,6.56,92713.9,405.09,286.48,234.44,385.52,365.73,153.24,145.34,109.12,91.09,98.17,77.32,56.05,15.27,1B173C1A3A2EEF026D089EE150A5AA51
219,204,126,228,246,282,213,279,279,288,213,273,360,351,432,354,315,312,192,174,210,231,201,204,270,186,A87D17DE90DA14049F54A9400B6D2E1B
338.6,308.2,308.7,328.7,335.7,315.9,322.3,343.7,305,316.6,346.8,353.3,325.6,338.1,329.5,725.5,826.5,783.1,818.4,793.7,781.1,770.1,796,780.9,806.5,827.5,E366A01D354E862F928E723201718E0D
84.51,331.78,347.4,346.08,271.4,278.22,296.37,342.76,314.74,273.7,313.05,258.14,244.82,322.03,317.01,274.61,283.73,237.28,152.77,171.67,162.74,150.43,140.32,221.52,205.48,13.59,3CC8959A5C90F8B6F58242FEB03796B9
565,336,1031,723,661,410,821,641,327,990,899,610,30,306,1293,879,327,922,720,267,1029,710,302,935,34,27,397C84F9F2AEF73869F12D82B3D54DE3
316.8,324.8,306.4,309.6,288,303.2,308,299.2,296.8,304.8,299.2,302.4,303.2,298.4,296,297.6,300.8,287.2,284.8,300,319.2,340.8,340.8,339.2,339.2,330.4,3EAD6E3B0349CDF3DA50036BDA8D3526
295.75,288.29,268.34,251.19,248.23,260.66,257.11,271.03,290.01,280.67,287.21,284.4,304.57,288.68,216.08,277.7,276.51,278.08,263.32,289.42,269.32,277.34,274.42,287.17,277.86,283.31,9B673D1E56E2E1A879CD2FF23A1AEE00
173.6,101.7,256.5,290.8,297.3,241.6,169.9,237.5,180.8,234.2,294.6,367.5,320.1,284.1,366.2,9.5,10.3,10.4,10.6,10.4,10.4,10.4,10.4,5.2,9.4,9.5,48A51E0A570E113AA1AAC366107474AB
143.75,156.97,113.64,108.52,134.04,111.04,150.55,155.85,174.79,164.55,145.15,206.29,361.5,273.46,286.66,252.63,261.45,183.63,226.63,244.61,242.22,299.71,235.59,171.13,164.26,172.21,4205BD81A160815DFFF2EC4EA72D2A77
271.4,259.8,277.4,268.2,269.8,269.4,270.2,270.6,278.4,284,285.4,287,280,268.4,285.4,285.6,266.6,285.4,272.2,284,264.4,274.6,265,273.8,272.2,283,82B5C45A4D4CA08B4AFE134A29ED33B3
217.5,231.3,206.1,216.3,229.2,222,201.3,216.6,214.2,214.8,216.6,216.3,238.8,261.6,268.5,224.1,229.5,218.7,213.6,242.4,235.8,227.4,260.1,231.9,237.3,217.5,6BE479A4474BF6DA432D7528CF4B50D2
302.82,237.45,256.4,229.19,252.49,233.94,226.13,237.78,233.09,236.5,237.51,247.3,225.76,257.51,245.07,246.25,211.11,237.74,250.62,138.12,249.02,234.04,214.97,65.12,58.87,50,8FA8003CAAB6DE406E70642E64A24E8E
0.4,229.1,223.7,215.6,256,278.4,247.1,229,239,295.7,240.8,222.8,246.1,255.2,282.5,248.9,268.6,206,208.9,251.7,158.5,25.3,1.1,14.1,0.4,0.3,1BA56D68B7E76F48354F8C4BDC8ECBF0
379.27,256.32,0,0,302.75,263.97,0,258.08,0,0,0,304.43,0,254.89,263.5,252.24,0,323.86,0,0,307.46,289.62,279.29,268.17,259.37,250.6,B7166CB3F6008392C3EA0061C6B1C5F0
214,193,216,185,221,208,197,249,203,207,201,220,221,252,224,191,185,186,195,146,140,154,121,99,94,81,951D5DC7EB787F937C831E9002755C51
0,241.89,219.04,196.73,263.29,241.5,239.52,266.63,215.42,250.19,261.16,221.45,216.97,250.36,260.68,227.92,236.61,0,0,227.83,225.7,226.55,212.56,202.78,197.95,213.47,E00F9C5061BFC7C81AEDA65DB0381B21
257.74,299.55,294.84,247.23,273.39,261.96,251.6,222.23,238.07,364.94,266.92,255.45,264.01,244.71,305.38,321.36,332.74,322.9,311.08,267.08,253.28,276.14,312.89,0,0,0,6464E5491E27D1F5C260A94DDE4DDF24
1278.3,873,824.1,950.1,637.8,261.9,375.9,230.4,221.7,246.9,224.1,258.6,227.4,243.3,236.7,219.6,201,171.6,216.3,114,96.9,56.7,125.4,79.8,53.1,42.6,2A81B03ED5351943CA5A321D90E48311
0.37,150.75,191.16,227.22,240.87,150.9,220.48,162.64,163.63,186.84,101.5,84.87,197.99,243.27,123.1,94.7,177.11,174.59,218.38,112.43,170.99,138.61,128.44,93.54,67.62,1.55,3C2CCB2FA382CFB6D94BA9695A9E65C9
373.33,311.89,273.69,0,520.43,220.17,245.91,215.78,216.72,272.56,255.13,225.18,233.76,240.44,240.88,260.7,254.75,300.4,309.73,328.52,371.15,445.06,463.25,363.77,334.96,301.6,2A52ED1A0FC04FA0FE673D2733D530E4
22.2,45.9,144.3,139.8,147.3,151.5,133.5,134.1,152.7,134.4,207.3,195,202.2,216.6,196.5,194.1,202.2,132.9,184.2,171.3,,,,,,,69F2A91828B2DCF2B69AD3C77900DACA
239.68,188.72,267.92,272.32,292.48,284.88,278.08,258,251.2,247.52,249.36,235.84,190.88,213.52,211.12,195.44,66.24,204.4,204,203.12,221.36,210.24,203.92,128.72,44.72,49.2,22A39B35F8923295CBCCF6EB1673422F
239.21,244.63,244.42,232.78,237.03,229.45,237.32,237.26,265.8,273.63,281.06,277.85,156.52,204.42,277.42,212.76,245.57,205.73,258.98,233.07,214.33,219.93,255.07,248.04,213.32,261.77,D69F76AF13C08FDF654216FAECCE9ACE
167.06,151.82,170.61,174.31,168.43,168.82,181.68,179.95,190.42,195.84,188.65,187.53,188.2,199.87,202.87,193.8,172.22,167.34,164.16,123.44,53.39,105.89,113.82,98.36,94.09,39.81,0133CDA88D348746B633C83EE580645F
262.29,152.83,190.21,235.49,211.5,156.49,158.42,150.66,140.64,176.42,233.06,189.57,166.79,190.48,210.22,207.35,250.41,228.27,209.83,226.65,204.32,214.71,234.63,242.08,242.17,224.51,F292F53A161974F0A2D6E906479E378B
8.76,262.55,7.13,5.99,4.91,6.02,5.05,5.52,7.67,5.14,5.38,5.94,5.56,189.47,5.83,5.91,6.61,5.46,0,0,4.28,5.29,2.5,0,0,,F112C04541945A79362582C8718F6B92
129.6,230.1,322.8,309.6,327.3,319.2,279.3,170.7,249.3,229.5,182.4,261.6,286.5,186,147.6,137.4,212.1,291,311.1,356.7,265.8,183.6,216.9,309.9,193.2,147.6,90C90FC917A27AD48878D70A3380A245
218.6,204.22,167.92,189.77,185.68,187.84,201.62,184.31,178.97,187.38,178.48,193.54,176.47,184.45,191.59,199.54,217.57,205.6,186.03,189.36,183.42,168.2,170.48,206.19,187.75,185.64,23CC9AE5DE5785D22DE62753847CF416
183.2,183.2,191.2,188.8,176.8,188.8,185.6,186.4,180,186.4,180,177.6,181.6,184,188,187.2,196,189.6,184.8,190.4,180,180,184,191.2,192.8,182.4,216ADA4AD0E0290EEF8F4B4ED5D833D3
209.19,175.28,180.48,185.39,191.02,183.77,174.72,174.41,182.81,176.21,177.65,0,178.37,182.59,192.45,212.44,192.18,193.06,192.19,197.12,194.06,197.34,243.91,193.7,190.16,203.89,865D0513531EAC827136F283F384ED4F
187,158.1,79.8,86.3,108.6,134.6,109.4,146.1,133,185.7,124.8,176.6,164.7,182,153.1,163.3,210,178.7,197,191.6,176.3,212.1,189.3,172.7,171.1,239.7,393A70C130882EA26FE522584B605521
0,0,173.06,187.91,197.53,190.47,179.57,184.65,183.82,177.57,176.18,0,0,181.64,173.87,90.22,91.02,95.97,106.2,95.55,95.59,98.04,85.49,88.46,80.99,88.48,4BA0F954979FABF38CF0C6CDDD4EBBDC
226.23,168,167.74,171.44,194.05,190.1,165.47,207.42,204.17,206.51,236.02,189.33,155.99,178.84,187.22,174.78,206.52,230.68,247.94,235.19,232.14,209.47,227.63,177.47,134.82,169.26,7D79EFA6C7B55A3766F8D633BFE7E800
166,141.37,165.68,197.55,132.82,173.58,159.4,164.56,168.46,175.99,175.38,174.78,161.45,173.79,174.05,128.43,118.24,119.98,91.16,94.52,20.76,100.04,77.96,42.11,24.37,45.68,AAAB9B25085ACD6EA28F8B3367C42B79
81,192,112,221,101,101,192,103,89,87,92,120,86,173,110,173,96,82,90,57,50,61,33,6,10,6,1499892350FA20DD2F42C49BC4133551
152.89,163.3,166.95,179.2,165.19,175.64,171.95,186.36,165.13,173.12,168.14,171.82,173.32,172.21,158.33,167.44,154.7,147.03,146.5,151.93,133.95,122.81,137.45,141.32,138.24,131.57,7686F84096D208ACB8E4572E02BDA0FF
213.25,170.54,160.5,181.27,232.55,182.85,166.53,174.28,151.9,0,185.25,163.56,157.72,171.61,169.96,0,0,180.03,166.18,157.77,123.41,145.96,158.57,161.94,149.96,175.78,F799A6CD9EB10F68A42687FDA39015EE
202.32,238.25,220.83,204.93,217.18,202.31,202.06,228.78,200.72,192.7,195.86,180.32,176.09,168.37,170.62,180.87,182.91,209.2,178.1,195.62,187.7,182.13,188.25,188.02,160.31,174.2,1B6B741CBE4A4934821D5577989422F7
105.65,82.29,143.71,179.8,155.32,100.4,115.7,127.24,124.9,100.72,132.9,125.19,151.18,164.32,161.09,127.13,148.62,119.07,117.35,117.24,150.88,146.95,125.48,118.78,92.67,152.6,D27984EF2018B2E5B50475506758A9BC
157.7,148.97,157.91,155.82,154.13,152.55,157.33,158.18,164.15,178.97,156.22,156.56,160.94,158.42,123.74,157.77,191.67,176.75,190.02,213.24,236.27,243.66,187.24,209.37,157.33,156.2,BA7AD479A6DED457DD2AAA7C841E07AF
146.21,156.79,135.86,115.43,158.25,0,110.15,113.42,109.08,0,0,155.06,148.71,156.74,0,50.89,6.67,4.19,2.49,11.55,2.93,5.23,5.42,2.89,0.4,1.13,BCFD17C8EA78F61551225EA63E0E543E
106.13,105.67,95.86,87.11,84.4,126.81,72.5,77.1,114.52,177.54,143.17,76.32,146.49,156.33,160.15,156.16,123.66,99.22,148.23,89.39,159.5,113.27,127.74,74.36,69.52,123.1,6E66DDA10B40E5ABACF44E190C6D9C6E
167.03,162.95,0,213.39,221.59,0,141.13,152.39,180.73,193.3,0,154.34,175.46,149.92,0,31.87,7.76,8.86,8.04,6.97,2.26,4.14,6.13,6.51,5.05,5.64,E6AAE7BFCA7A20DF278F8422D11B4644
39.8,24.9,145.2,150,140.4,153,132.5,148,145.2,152.9,153.7,152,136.7,149.2,129.2,126.5,122.7,75.1,0,0.1,0.1,0.3,0.1,0.2,0.1,0.9,A6CE4398A577CEA2E5FC89C8B13718FB
129.45,125.8,134.21,120.25,134.54,125.2,118.49,56.79,130.58,137.86,143.39,144.17,138.16,142.97,90.89,114.48,154.58,137.09,148.65,138.42,132.27,155.77,132.44,127.48,123.29,138.52,08A8DACE4773F18ABDB24577E020DF8F
142.34,135.73,115.42,115.25,111.61,117.95,159.13,173.66,157.25,163.39,134.64,137.46,137.95,141.6,141.39,151.78,195.43,192.24,163.78,186.43,170.72,186.43,165.56,118.56,137.91,128.89,9FA12F61926BD21A5AB6B5EAFD5C5A4B
126.99,142.37,151.17,147.91,192.21,164.61,136.46,156.12,170.01,196.09,222.75,222.1,183.68,140.49,132.65,210.88,156,216.58,142.22,195.96,203.85,185.33,164.87,207.33,210.81,209.33,19ABD92B9397C6583ADB05426548EBFF
151.4,139.88,145.2,140.15,141.84,104.95,129.43,143.17,123.13,124.82,162.52,135.82,105.16,138.23,139.06,152.45,106.69,117.75,144.82,123.48,127.4,0,0,0,0,0,5D381A11CE299907541CBA0F6C748FF6
100.58,115.15,122.46,117.08,118.94,101.84,132.47,108.57,126.44,119.85,113.74,119.67,114.64,136.58,119.29,64,94.95,92.55,78.56,102.86,74.24,74.67,70.24,65.22,61.58,50.94,02DB9B4E3A316D755A1895AB101D890A
178.15,140.8,143.91,147.59,164.07,138.28,142.19,125.53,150.44,150.01,146.28,139.95,135.58,135.13,139.19,128.47,133.52,128.11,134.35,139.8,136.69,130.69,131.83,119.85,105.55,99.36,BBEC2E317856832882AC713A8F3723F4
66.34,115.31,83.92,79.29,78.99,83.38,85.04,105.39,118.37,131.13,78.25,86.04,144.86,134.31,139.82,136.66,109.98,87.13,98.44,116.92,130.14,144.02,144.27,135.73,112.48,106.07,9439F225E2FE10D2CC65E8EFBA5CA149
221.17,254.87,167.63,162.98,165.73,143.06,109.91,141.38,126.86,125.21,160.99,129.21,121,132.19,126.8,122.06,122.16,145.6,121.63,131.09,129.58,126.79,129.65,164.2,123.37,106.55,74038D75DA069A36E1F79EC3373A267D
79.44,129.22,112.96,96.4,94.42,119.07,127.38,125.04,129.71,125.02,105.62,106.75,126.46,130.87,130.47,124.86,122.69,111.8,111.19,126.47,144.64,127.63,119.3,124.42,100.84,110.3,63D0873141EDA77DD3DACC01125CA814
85.6,150,99.4,50.4,53,92,103.6,118.8,115.8,90.4,62.6,55.8,106.8,130.6,139.2,109.6,126,63.2,66.4,106.8,122.6,209.8,183,136.4,96,118.4,DE9EB95588993AE543A3994F8FB38DF0
146.27,144.42,129.8,126.85,137.22,119.15,121.73,121.87,125.58,119.74,125.63,132.64,123.86,126.9,123.88,111.25,128.44,133.02,114.96,112.6,102.4,105.85,105.15,103.76,91.46,86.66,237F747EAF68B9866C10EC2DB1A08B78
0,0.33,0,0.01,1.64,2.12,2.12,2.21,2.29,2.27,2.66,12.03,19.1,126.47,140.92,0,0,0,0,0,82.42,19.87,15.35,15.16,15.67,16.62,E1602BEE6D8774D892D6C57412B0D93E
62.67,208.69,210.57,219.09,132.99,183.22,181.78,184.61,72.9,194.61,163.28,170,97.28,124.25,101.66,78.2,51.61,57.25,54,55.61,53.24,123.2,90.55,74.19,54.25,48.46,286A98B5150154254622512DBA29B352
132.61,136.44,108.79,121.03,134.62,113,117.24,119.97,113.3,121.57,133.01,142.66,133.4,122.03,123.65,127.92,120,123.48,121.93,116.64,111.24,126.3,113.09,119.96,107.19,105.86,656ABDB5BA267115716553791211D175
125.67,121.25,117.17,112.08,131.72,122.53,128.21,116.68,106,160.72,152.11,158.22,172.8,121.91,107.48,185.7,130.89,111.42,119.78,117.79,124.44,130.17,146.67,121.27,111.39,109.86,620B67B76823429CB907B8341A888084
122.62,124.52,125.75,124.83,122.75,122.6,122.61,125.56,122.27,122.27,122.8,123.05,122.37,121.71,121.45,121.83,122.55,123.26,122.57,122.85,122.25,121.88,121.01,120.81,124.59,124.14,3FA619ACCE2B8F9B9F928D8F12EE33E5
130.22,123.96,0,128.45,129.77,0,0,127.25,128.72,129.05,118.72,124.06,126.59,120.41,0,124.73,128.34,0,0,121.21,121.32,0,126.03,123.52,0,123.63,E409951D9436999FA940CEFE81278C09
122.32,119.61,127.84,126.89,118.1,123.1,123.76,161.04,119.5,114.46,141.01,155.9,111.93,119.71,110.58,110.11,121.27,123.69,103.72,106.28,106.02,105.5,102.23,106.55,112.68,120.65,FA26760379A9D8FDF77D2121A781E955
96.73,87.44,101.69,91.86,126.11,113.87,91.62,107.92,103.29,81.34,111.87,71.88,98.53,117.99,105.28,93.48,68.41,72.88,65.42,140.55,112.76,92.23,80.68,80,68.12,54,368ECF923A6D410B72F9AEE8A1888F98
55.75,100.94,106.31,109.35,54.49,111.19,113.47,96.76,107.55,112.78,103.76,54.26,106.97,117.73,119.84,115.06,134.43,115.2,37.62,136.12,152.66,158.35,107.27,135.05,142.4,85.15,76EA917C5C47A28EE05C90F336D32723
182.02,100.43,100.41,82.47,105.23,100.19,103.11,93.66,85.87,0,91.66,112.46,107.47,116.36,99.17,0,0,93.39,86.27,159.55,88.54,84.63,93.51,100.7,142.53,125.26,B842CA3400D02898857BBB98D72C1031
141.28,115.7,120.47,136.42,127.84,103.96,96.6,96.39,105.16,112.94,121.3,147.4,124.93,115.58,0,0,125.87,0,0,0,119.92,111.91,106.27,122.67,0,113.51,5B28845C8D26724B4EE4F0EC211E7C6D
119.97,85.7,89.17,124.67,123.04,120.04,90.37,124.37,112.13,134.8,110.52,120.47,148.09,115.1,101.39,120.3,128.97,121.27,142.65,141.95,76.27,144.91,91.16,118.89,85.89,107.04,8BD7D6896AF62A338EF031608314B4EC
134.93,153.17,135.8,140.64,125.99,134.89,129.13,117.11,146.94,146.64,135.03,102.51,134.81,113.49,52.69,0,0,32.13,27.65,29.46,23.46,25.02,21.36,33.71,19.62,22.66,2B7B5CD55904718B00DBF6E694AAD8F6
0,0,93.02,96.56,97.27,99.08,100.93,92,100.99,105.44,112.13,112.49,105.45,113.17,131.12,114,96.06,0,0,0,0,0,0,0,0,0,17FBB72C1F153C8B5AF3AB5C5942C56E
171.46,152.28,146.34,135.39,147.49,124.8,105.34,125.48,123.65,123.37,138.83,152.66,120.92,111.87,125.01,114.8,0,0,0,108.16,104.71,107.31,126.11,115.95,103.95,96.17,FB318F0A81EE960B4316BA55771FDB0E
102.97,100.6,104.34,92.95,94.56,102.74,100.13,105.1,115.67,108.22,96.54,97.18,113.22,110.21,104.84,99.28,98.5,100.73,103.91,112.77,105.39,110.71,110.14,109.19,107.1,125.71,F389D042DBE2301B79A711FB3F0F67FB
117.97,106.58,111.2,127.01,113.5,105.04,108.01,115.19,106.37,112.51,117.4,111.35,0,110.18,96.5,100.8,117.48,123.23,123.77,117.65,107.56,113.31,124.31,133.76,130.57,129.53,8A2ABA5833B01FA2AD5D594DFA265A9C
129.6,102.54,106.57,109.62,112.22,105.47,128.54,95.78,102.96,104.69,105.82,112.41,93.75,109.59,111.9,102.71,94.03,101.67,101.53,94.33,91.25,86.59,84.52,76.17,77.96,70,295440178C58537CE296102C2D3B2B8D
45.84,20.23,20.51,23.15,56.26,47.93,48.09,14,35.98,41.78,15.36,42.01,83.89,108.95,122.26,87.93,94.84,58.09,51.09,54.11,47.82,74.43,63.43,47.67,51.51,60.71,ADB2A34BDBFDBBDD8B853B6D03AABF42
114.02,115.69,79.51,96.2,114.78,113.56,62.27,116.34,117.78,102.59,150.35,152.66,117.41,108.27,107.09,121.35,157.04,123.97,122.15,59.75,120.73,123.41,2.68,139.14,163.83,142.3,F6AE7710BFBC6B492CFFD59C3BB219E5
108.1,107.7,110.1,124.3,108.3,108.7,108.3,108.1,106.9,108.9,109.9,124.1,111.6,108,108.5,126,108.2,102.2,106.1,114.7,108.9,108.9,108.4,122.8,108.6,110,97AE04D40D077ACDA6949307FB8EE2DC
0.1,131.91,172.79,118.57,119.59,174.67,97.79,133.38,141.49,142.96,125.56,114.74,124.26,107.24,143,80.9,159.14,167.36,159.56,152.48,162.11,94.68,117.73,4.36,4.38,4.11,6693FF11CB0EDDA200665EFF3B2C4623
0,0,0,0,0,0,0,0,0,0,140.1,119.57,120.5,106.95,97.5,0,0,0,0,70.86,58.41,54,0,0,0,0,FD2954B8FD64D7667DCFB4C4EFC49EF7
1151.2,196,767.2,1417.6,690.4,80.8,94.4,92.8,444.8,1036,76.8,96.8,72.8,106.4,310.4,1144.8,132.8,144,165.6,335.2,118.4,112.8,92,124,86.4,746.4,2F824A7AD7C8CA5BD3E5387E1F823765
128.86,104.92,99.88,102.68,114.58,95.68,90.34,89.6,83.47,98.97,109.87,102.28,91.52,106.24,96.33,96.41,87.56,103.47,109.39,103.98,97.75,110.29,104.28,96.46,106.32,114.76,A5E0C4C91C9359666EF27DFD4AD0199F
59.77,80.33,114.56,103.02,101.09,103.42,107.59,127.95,95.37,0,104.76,100.9,92.21,105.3,87.76,0,0,88.59,83.89,93.29,90.63,89.22,89.82,99.8,105.3,102.83,0FE20505D7670BB92C4551029413EBF9
107.6,109.08,102.56,132.14,133.69,136.36,137.05,123.74,143.91,137.35,122.64,94.2,109.76,104.49,110.13,99.59,82.74,79.44,74.11,51.94,70.86,73.69,74.92,69.17,55.21,56.65,6FA28D8996EC6AB8E5E4935AF0BD41E2
149.4,100.8,115.4,147.4,139.6,95.4,102.8,110.2,104.2,122.8,161.2,125.4,105.4,102.6,106.4,129,121.4,161.8,151.8,117.4,152,137.8,138.8,147.6,165.8,158.2,7ADD7173873255081AA714455A6EC917
106,101.7,83.39,87.28,108.88,104.04,101.58,104.08,109.23,106.13,92.54,107.13,102.25,101.61,100.03,105.93,108.39,0,109.35,105.72,101.68,109.43,107.02,119.33,97.01,96.86,B5FCF7216535142529810ED933E8A905
59.19,110.7,119.04,101.96,104.89,101.1,95.9,102.37,111.11,112.41,106.46,114.74,101.58,101.23,109.22,130.63,96.81,105.92,112.24,95.91,116.44,136.83,108.25,113.58,87.03,129.18,7DD29286690FFA49C5D68573A88094FC
132.58,51.43,103.09,70.36,32.85,43.32,40.85,61.37,102.17,44.63,38.24,50.34,88.02,100.93,103.65,124.62,135.49,63.1,63.88,39.27,43.68,93.12,57.2,28.35,52.16,65.81,121E345F3E29B5D61A040E7C86CCF089
95.57,105.73,94.73,104.01,98.15,97.22,95.03,99.02,97.1,102.64,102.14,118.59,115.83,100.08,95.32,95.21,98.05,95.06,101.64,97.03,92.87,67.38,46.07,40.9,30.85,33.46,670D529948CE53AEC45ADB7D0AD4702B
67.63,90.7,100.75,88.4,84.71,99.23,94.85,103.17,86.83,80.33,87.44,0,90.85,99.99,121.53,109.06,108.02,104.77,94.21,0,101.5,78.34,108.48,0,90.2,84.57,B1D81387AA643AB8AB1A3761DA5009EB
128.88,123.23,59,30.08,53.59,49.72,40.29,33.57,46.6,66.63,123.55,55.74,43.05,99.76,76.24,51.67,49.22,46.49,55.9,44.77,54.2,65.58,55.08,58.69,40.89,96.21,4E10B68351D29E24EE236EAF89AA1A34
100.72,102.31,106.26,105.43,101.23,100.52,105.22,106.11,101.24,99.57,102.57,105.56,100.64,99.18,98.93,100.06,67.37,136.72,101.84,103.35,101.96,,101.25,102.48,104.29,103.34,F388E3E479877AD5B1350002ADE8072D
117.76,115.33,107.77,106.34,109.3,58.09,103.04,111.66,103.43,102.57,106.45,110.01,107.2,99.02,101.07,99.77,107.11,105.9,98.63,107.59,99.07,102.73,106.42,107.34,101.16,107.94,68EF086A07971F32AE5E61FC38A9EBFC
27.89,93.88,90.6,90.31,108.29,94.67,96.74,93.08,0,79.8,70.92,76.65,79.4,97.61,89.06,61.17,68.32,70.39,65.78,43.26,43.16,47.87,35.27,60.08,56.28,49.48,FA39338A8EECDEA88D72A07316AFC498
101.87,110.77,117.51,102.15,100.13,98.58,83.22,83.33,91.88,84.74,82.24,0,82.95,97.38,88.58,77.35,80.63,99.9,99.76,87.49,98.34,98.19,83.76,75.68,74.22,84.7,B92EA5E9A3E2067A2B87972599CE3F2B
73.38,57.91,46.4,45.35,61.54,52.56,79.13,64.67,48.96,97.04,86.64,85.58,83.26,97.23,69.24,49.13,41.93,45.21,41.54,47.87,53.11,49.3,52.44,47.15,32.9,37.63,31E602CD1DC386641BBB045456AD38DC
141.12,90.37,92.95,110.76,128.55,79.79,94.89,94.74,105.09,92.32,108.27,126.07,99.96,97.04,107.52,114.48,100.43,114.3,104.8,99.2,98.65,95.46,96.23,107.87,92.95,82.88,6AAB23B0B69A2585B5D0A8CBFDBFAA97
79.45,73.4,83.18,73.06,77.41,70.73,68.59,68.99,93.62,69.88,56.47,84.22,75.04,96.74,79.43,82.05,76.4,82.12,84.79,72.25,99.57,79.06,75.59,81.88,72.63,74.5,12AFF0B3A3103D3E0508D7A48AA48082
111.64,99.85,91.23,97.59,103.16,93.69,95.75,85.86,97.52,105.76,94.02,86.74,100.38,96.32,104.2,99.75,101.72,100.08,97.9,94.54,99.5,109.92,102.05,99.22,93.11,88.75,44BA245BD8735C064432BBC7980D3F61
87.42,96.18,95.7,97.08,89.64,100.2,95.64,99.84,99.96,92.88,95.34,84.78,97.62,95.94,97.86,96.9,98.58,99.72,93.18,98.34,100.56,98.7,97.56,98.52,92.52,87.66,92CF59B9AD0585895463C7D953BB4B9D
72.21,83.24,98.08,90.6,90.8,92.58,107.33,103.03,90.87,0,103.27,103.68,107,95.43,88.3,0,0,100.46,104.21,107.43,96.61,84.23,89.18,97.28,108.75,101.15,50AB1CCDED3E7E30877D7BA5A40E428E
57.36,39.08,46.03,35.56,75.19,64.36,44.66,46.87,97.06,50.72,51.51,52.75,72.42,94.4,118.42,94.3,67.12,38.29,42.21,41.8,43.88,46.12,32.69,16.02,14.94,6.48,EFA60702AC5BB4F3FB72697E3EACF20E
129.72,109.1,0,0,118.53,109.77,0,108.06,0,0,0,111.43,100.55,92.96,95.47,99.69,100.6,102.31,0,0,107.21,92.53,96.26,96.86,98.63,97.78,F7C123E2590C9F7796AD5D9D20B322AE
75.83,85.79,0,79.48,82.4,86.18,80.9,79.18,86.82,0,82.75,79.24,95.47,92.49,92.72,0,92.06,0,77.58,0,90.39,75.71,82.89,85.37,72.25,67.73,9EDABEF459CC9C192D002B05A4E6096D
85.27,79.81,55.65,87.59,81.85,82.24,79.95,79.71,83.78,90.78,103.59,109.77,83.43,92.29,85.94,85.27,110.13,100.8,95.48,41.43,85.46,91.25,53.51,101.43,113.02,109.9,16AD2A083B123AA95AE2A3A6DAD19D76
119.36,108.43,95.36,108.09,107.18,102.15,100.93,109.77,101.02,102.99,99.19,101.98,91.08,91.64,92.95,96.2,86.41,96.33,90.44,87,90.08,90.33,91.99,81.81,92.67,74.69,E5FC968447BA6D73BC195E68193FAE0C
89.89,89.14,86.81,87.31,88.46,83.37,80.53,83.57,87.23,93.16,87.6,82.55,90.63,91.3,90.66,87.49,86.45,88.27,88.24,94.84,87.24,89.39,85.89,88.52,96.51,91.61,F6B3368CF2C78CD2D6C092DAD12D5B2B
115.86,90.41,81.67,97.91,96.85,0,79.79,80.48,99.77,107.77,102.19,108.49,111.1,91.2,90.69,94.16,85.57,0,91.63,0,94.45,0,90.98,78.34,87.35,85.76,DC7BB3EB46890A00C2BB6C641A7B9FE2
89.7,62.65,68.47,67.12,77.29,0,61.09,64.72,62.06,87.78,90.86,88.19,80.98,90.83,0,89.38,0,0,0,76.5,78.22,103.56,91.83,73.07,0,65.69,30BB5FCF85BF1F0DE10F2CE959AD3330
94.6,98,86.6,86.6,93,95.6,100.4,92,89.2,91.8,91,83,96.4,90.2,85.6,98.2,89.2,93.4,95.4,93.2,83.8,95.8,82.8,83.6,88.6,92.2,C47B61B591BC635A409DD29464724C9F
63.52,66.44,47.58,59.75,78.6,69.9,52.51,52.74,61.21,70.7,90.08,76.18,76.9,90.15,78.85,76.43,85.07,96.04,105.38,102.93,85.41,94.9,107.36,100.37,89.63,65.82,97B6EF78D86F1E7FDFD2FAEC797F221A
34.56,80.34,75,78.21,79.78,73.77,64.48,40.88,45.05,40.5,39.71,72.25,71.18,88.84,91.47,92.53,105.99,110.72,115.54,107.45,130.86,143.43,122.04,131.73,131.05,131.41,B45BBB9A4C144F08EAD7532922790F75
59.2,55.2,48,42.4,44,65.6,48.8,52.8,38.4,52.8,36.8,48.8,64,88.8,58.4,68.8,55.2,48.8,36,31.2,30.4,29.6,32,32.8,35.2,38.4,BFA32BF8F2DA05447F6FEFACB0849580
68.12,84.68,88.16,0,76.44,85.85,84.7,101.33,76.4,81.46,74.22,0,76.89,87.98,88.27,81.08,78.04,84.21,80.77,90.44,0,85.62,82.49,89.58,83.51,82.74,9494EF9D4528A088BCD0C75FD1518C74
62.86,69.3,62.26,65.64,67.16,70.92,0,72.54,0,0,0,73.15,76.67,87.25,75.5,65.72,67.4,71.74,0,0,86.1,75.81,87.39,76.58,88.79,75.64,C7B4B492C3A53693D25CF36E766EF956
92.82,63.71,64.41,56.59,56.3,80.16,70.04,60.27,106.89,87.25,81.26,86.23,81.12,86.74,57.27,94.12,68.5,76.04,77.02,40.58,100.65,76.03,56.49,72.52,77.27,73.8,A45F5000FA6CC40CD6615FF50D722BEE
0,0,0,0,0,0,0,0,0,5.4,84.59,85.32,88.54,85.7,83.97,80.81,46.98,0,0,0,0,0,0,0,0,0,516954F5FF177CE314656D727FCC66A5
0,0,0,20.43,19.59,67.03,125.37,91.29,68.51,32.21,17.78,20.47,74.16,85.14,48.65,47.75,48.52,16.14,16.7,52.33,100.03,78.13,98.29,77.51,15.74,25.16,1723F8EF0464B37F82EB6ED820FE7A30
96.26,0,0,60.26,0,0,0,76.46,0,0,77.25,0,0,84.58,98.41,0,0,93.93,0,0,0,0,0,0,0,0,A164D3280272F64426FE2740DDE64661
94.8,91.32,92.54,89.8,106.18,90.5,86.89,89.9,101.04,0,98.52,96.4,78.26,84.33,84.65,0,0,0,91.87,0,83.92,0,83.69,81.92,94.92,83.79,DDE1AEFD8C30BD08A4AD14C6749CCADF
83.54,72.73,75.69,87.14,79.99,79.28,77.48,75.49,63.56,78.49,80.89,81,82.22,84.29,82.6,93.6,92.88,88.92,85.79,98.94,68.57,76.31,77.19,84.77,91.2,75.01,D20B7B5EB13621FB96CA03612B3C8EE5
75.79,78.85,0,0,73.6,72.2,0,63.85,0,0,0,91.4,0,84.08,80.23,59.05,83.92,80.12,0,0,82.7,57.86,73.47,76.65,79.53,63.7,12B0A74CBA002D88A9A84B2CC7C188E2
115.13,98.94,95.12,109.51,100.75,92.8,78.38,71.01,74.19,90.29,85.16,98.14,86.15,83.91,74.37,78.88,88.69,0,0,82.31,81.08,80.52,81.52,89.59,84.27,55.01,0337626C8DEB30B1E04554E60D914F0A
98.52,95.9,100.51,123.92,92.29,88.29,101.83,122.69,100.2,101.73,99.51,103.86,96.67,82.97,82.09,89.83,99.77,83.8,72.36,91.38,82.34,80.52,89.13,76.92,68.89,70.27,DAEBE2D0654DA4A0E1F3A5B922C47B39
60.94,47.68,0,82.62,73.08,67.76,78.05,73.01,64.03,73.14,82.98,76.37,58.08,82.25,61.22,67.56,65.29,69.66,66.27,88.03,76.39,84.58,91.38,81.62,84.02,83.06,BB642467C02C01C98249700FCAB9A173
81.83,77,73.14,76.24,76.49,71.92,75.38,71.78,73.53,58.25,75.88,74.72,79.74,81.54,87.6,71.39,86.76,74.47,68.49,73.93,68.18,73.27,75.02,76.39,56.42,54.93,08177BF3E75D92E01F56A57EA951C232
93.61,87.5,92.62,87.45,90.93,84.28,86.53,74.05,80.48,82.07,87.24,82.1,74.1,79.81,80.5,0,160.29,85.55,83.54,81.42,80.27,81.94,75.45,66.7,75.53,62.48,7B1DAAD64E9ED0454093BE92A6E271A9
84.69,53.99,53.17,76.85,52.57,57.37,83.61,78.84,92.39,79.2,78.69,89.06,92.35,79.71,50.58,44.53,59.71,47.73,3.2,80.46,50.87,68.42,47.26,53.55,48.14,38.88,A1C6CE07CBDBC8A705567B5B645ADF7D
0,0,0,73.55,71.76,73.22,75.66,76.8,75.46,77.97,70.69,72.08,77.98,79.45,78.8,75.15,78.6,73.2,73.3,78.28,75.91,76.12,76.81,77.53,72.56,71.87,1C21AA53E8FB59563B8C3A51F0717362
71.6,231.2,189.2,66.4,64.4,202,206.8,236.4,90,189.2,71.2,68,85.6,79.2,72,84.8,92.8,62.4,54.4,60.8,49.6,55.2,54.8,47.6,50.4,48,28AFEF32E8E5CBFC91B042E59EF73021
84.73,73.81,71.2,66.54,70.41,72.07,60.45,80.28,85.48,88.42,76.75,71.92,94.2,78.92,78.78,76.14,64.54,60.81,64.35,55.78,64.86,69.53,77.16,52.92,61.76,75.73,B05389F00CAD261EED192D468568E581
116.16,108.73,86.27,92.94,107.58,152.81,156.26,136.29,210.5,168.66,156.95,136.84,105.97,78.39,109.12,125.11,96.56,104.65,81.96,70.37,71.82,141.82,114.81,109.8,104.38,22.54,84DF2B6B44BA3B64D43674821FAFC6E1
3.15,3.76,4.68,4.72,4.35,7.12,4.93,5.76,6.01,6.98,7.57,6.2,7.35,78.2,9.82,47.23,43.93,104.6,77.25,7.78,6.16,32.66,15.66,10.07,14.46,13.63,6DA1586D9B0107AC594C99D2EB25A439
77.6,72.69,69.11,74.38,73.87,84.55,83.53,84.7,81.28,88.18,82.52,87.55,80.43,77.95,98.95,85.26,83.48,85.06,81.92,79.12,83.44,82.15,80.27,74.02,84.39,67.58,959294CCA2ACC7C4A1B323339851784F
62.94,85.59,74.14,81.67,60.73,77.34,72.53,69.33,63.33,73.57,86.42,80.26,81.07,76.76,75.2,73.03,67.11,60.09,72.6,68.86,65.87,62.5,57.91,66.1,65.33,49.86,9E6C46974B85C1F8EB80BBB1D43CF01D
99.1,85.44,84.47,76.9,99.24,70.19,87.32,80.91,77.87,81.39,74.6,90.01,69.08,76.68,81.73,78.36,68.3,0,83.13,77.34,58.7,63.95,57.55,53.6,51.73,36.95,6E7EF35189F19C775C729BFECBBD341B
60.45,58.5,63.15,57.6,53.85,55.95,61.35,46.8,70.8,68.85,67.8,59.25,57.6,76.05,75.9,71.4,85.05,71.85,60.9,52.95,52.05,49.5,67.35,69,70.8,71.1,FB50DAA311AB16EEC94624E084D8EF75
78.89,78.33,76.83,78.47,75.16,78.21,76.25,75.78,76.3,78.49,76.09,77.13,76.35,75.83,77.9,77.19,78.48,78.51,75.51,77.09,74.71,76.19,77.47,76.84,78.91,79.45,71BD60B3F005C5E0C847188E19866172
99.32,0,0,76.65,0,0,77.51,0,82.27,82.56,71.56,81.97,78.54,75.24,77.21,74.11,73.75,74.39,90.12,73.8,77.83,79.2,73.31,68.75,81.69,67.39,E1C15E98C8303CEC64182AB829AF93E2
0,0,91.32,73.11,85.64,84.95,101.67,87.29,76.43,96.61,104.47,100.85,87.34,75.12,71.2,93.72,76.94,70.96,76.4,104.88,107.61,102.78,79.41,77.02,0,95.68,14D79F9D4CF0741186B88863AB998688
83.7,88.99,66.63,64.81,68.81,71.18,79.76,73.51,80.92,82.85,54.27,64.16,78.03,75.1,80.6,77.14,77.21,56.57,69.77,90.62,85.96,77.92,79.74,71.67,67.93,80.99,001FAB7C1447CA619A6E98B2BDC08B6E
68,56.91,63.35,54.86,55.77,59.2,57.23,56.43,57.54,79.21,84.68,67.15,63.26,74.67,88.8,75.29,70.14,72.68,83.64,71.95,87.1,85.08,89.41,74.17,77.7,87.72,7F03F2EBD3A3977863E25CEFD952D8B3
74.04,52.89,65.13,67.73,69.83,71.84,68.27,62.17,60.84,59.62,71.16,73.59,67.32,74.47,61.52,73.51,80.15,66.82,67.91,78.32,69.5,78.39,67.98,73.58,70.52,84.15,D5ED3578550D52EDFE5311FDF41238C7
83.33,72.38,68.23,72.14,73.87,0,67.17,75.44,71.76,80.31,0,0,76.4,74.02,0,0,67.15,0,78.51,71.7,70.96,73.36,0,63.17,72.17,62.25,A62F1FBE32A7FD042F86A3663DA05FC5
64.55,65.73,70.05,87.4,78.44,87.18,64.93,85.47,62.57,87.93,69.16,59.74,74.99,73.88,66.63,58.6,68.33,104.7,179.8,156.11,122.67,69.19,55.58,60.27,54.87,57.51,03865C09E6265556D9855C5AD72E6816
7.5,8.73,0.03,5.92,0.08,5.94,6.47,8.32,8.41,8.05,40.76,55.55,68.28,73.27,69.89,73,56.63,72.61,73.09,61.89,44.75,68.77,55.47,48.08,54.84,37.42,324711DF00E6285A686A7FE7E3A00559
65.46,74.01,62.77,64.97,64.6,60.76,56.72,65.14,61.08,61.38,72.27,69.09,56.17,72.89,59.1,70.54,67.91,82.13,78.74,83.51,69.92,78.51,82.56,75.5,77.43,60.01,C3EECAE77962F45B4E50A44C1803EEDA
94.49,88.92,84.93,83.78,89.45,91.47,82.52,81.24,81.82,84.3,81.71,89.99,85.11,72.66,0,80.48,79.38,0,0,0,82.5,85.23,88.4,87.83,79.74,0,B64F6C0D208EB71F275D946C26E1BF71
80.55,48.39,58.47,69.37,83.55,63.18,50.53,66.32,64.89,56.47,68.72,82.24,83.4,72.65,78.77,60.78,76.83,89.28,74.75,76.13,85.86,82.64,66.53,93.57,99,72.73,B37B3FAE6A2341FC637F4193385A8E23
102.9,98.1,75.8,92.44,79.35,69.83,60.47,73.04,58.33,70.19,63.25,102.15,76.5,72.34,51.35,52.21,60.57,56.76,49.07,45.34,42.69,52.09,42.09,50.49,43.92,44.75,554631A652005152AD3C704E18BD2BA9
81.24,73.09,61.5,69.97,76.4,0,65.83,63.86,66.42,60.84,72.61,68.43,63.83,72.21,0,79.88,81.06,0,0,0,79.53,76.6,67.75,77.78,0,63.37,0BC94DAF1D6DBE29861F15692E7D1F20
63.7,0,0,57.7,0,0,0,56.73,0,0,65.49,0,0,71.35,62.06,0,0,79.69,77.12,79.44,74.13,78.27,76.94,75.84,79.99,101.79,012E9D46D3773353F210CD51DAC26C40
49.6,73.8,40.6,50.6,51.8,34,48,42.6,41,39.6,84,62.6,54.8,70.8,65.8,102.6,40.2,50.2,86.2,59.8,86.4,102,48.6,65.2,110.2,53.8,22A504682FAA0D72F535EC5342C50690
66.68,55.92,61.79,70.97,63.77,63.74,54.37,55.76,73.8,65.13,49.95,64.29,75.64,70.22,70.63,70.68,73.39,66.35,66.24,64.99,62.43,66.74,61.36,60.7,65.93,25.98,5AA799FAF04318D5E39E48CF1EF8B617
60.62,66.25,69.06,67.25,66.16,74.12,70.9,66.05,71.01,57.29,67.2,67.74,73.61,70.05,72.32,67.37,69.04,67.02,70.25,69.91,71.75,65.17,70.99,68.64,68.8,69.99,79103804857766A283610502A01222F4
68.37,67.14,65.27,71.09,67.46,67.29,105.91,82.88,85.54,74.06,53.59,57.36,72.33,69.68,59.91,58.37,58.96,53.34,54.54,49.25,47.16,53.28,55.15,53.21,54.71,52.84,42DBD55F5BD6D5DEF342FEA71C2FBE8F
35.39,66.35,53.42,51.14,51.12,62.64,58.35,66.95,85.57,72.65,75.21,75.39,39.78,69.52,61.52,62.09,82.45,80.77,69.62,51.52,53.93,49.77,52.11,50.2,39.5,21.22,02B447B6C4A42F478CC94AA7E6A46D99
87.21,79.32,66.5,59.06,66.53,60.95,55.48,56.95,65.58,66.29,82.41,84.76,63.82,69.32,0,0,59.67,0,60.92,58.03,62.59,60.33,61.57,45.91,56.38,54.88,64ED6553BF14F242338BFAC5DADBC3B5
68.78,68.61,70.88,71.84,69.96,69.82,72.05,72.38,70.94,68.59,71.39,72.32,71.98,69.16,68.85,69.44,69.43,69.98,69.69,69.62,68.55,67.74,67.56,68.78,69.59,70.73,AB6B16792F1A91351E5F851C88C92ACB
76.98,68.69,64.9,67.53,74.6,52.85,56.93,67.56,57.26,61.36,67.48,75.94,64.16,68.46,57.15,63.19,71.32,61.31,65.58,63.99,66.43,61.5,67.92,56.59,55.53,51.82,861941ECB983DD3066942AB3C94AD15A
63.45,45.64,22.2,30.91,49.64,46.34,28.84,48.6,57.73,47.54,40.79,62.75,66.91,68.36,51.25,51.14,58.25,51.83,39.65,44.5,19.33,52.38,50.72,53.61,53.22,56.21,53E0C118DC8265B78EA2536B1C8BE854
65.25,68.89,61.75,69.71,58.05,69.25,58.11,54.46,56.88,67.66,65.44,67.76,75.47,68.24,56.28,59.57,70.41,71.33,74.17,67.39,63.94,66.79,68.79,64.53,76.08,64.26,5686A04C99A613E2921AD9BBFC9E67DB
54.97,52.92,0,48.39,60.67,0,49.15,52.17,57.64,68.57,50.83,63.49,67.41,67.81,0,71.98,80.66,80.46,72.11,59.61,22.46,63.84,57.59,56.19,60.83,56.16,8BB0258ABFE3A362B5CC4E5A16931116
74.74,67.05,58.29,62.99,66.23,68.22,70.34,69.11,64.99,72.61,63.79,57.72,62.57,67.76,68.85,62.12,63.17,55.83,57.44,56.74,61.39,58.98,66.98,59.3,55.65,60.78,8001D21C21A3C029E3C1F3E3091CBE75
13.07,15.53,24.86,12.66,21.61,42.51,51.09,21.29,49.55,44.01,35.25,43.64,46.29,67.73,46.22,59.04,57.89,59.53,56.13,46.92,70.43,54.76,65.63,62.78,41.94,48.99,ED9BF777FDD51BA7D3410E8548224CBF
33.5,62.5,52,22,21,58,65,62.5,70.5,59.5,24.5,19.5,57,67.5,52.5,32,38.5,24,30,36.5,45,33.5,14,12.5,12.5,12,32A2094EA38DD12EEFA82B9E585E5FC5
77.3,53.6,37.65,42.22,64.01,57.22,49.63,37.27,46.34,50.18,39.78,26.31,51.09,67.29,57.27,88.55,56.28,59.81,58.46,56.66,10.77,13.14,10.84,13.02,12.27,13.6,5FB72E63CEB81FFF0D2E0154070F7331
27.39,80.88,94.42,89.45,75.71,53.74,62.4,85.5,85.27,67.31,42.03,46.04,61.21,67.17,73.56,47.09,51.33,72.92,37.28,57.13,40.42,38.15,30.34,20.33,19.08,13.98,1C7BC3341331798E62B2150FCAD09A88
61.64,62.32,66.93,44.52,50.99,49.84,39.38,51.32,62.23,62.95,57.88,57.28,57.65,66.73,54.36,48.4,41.16,53.73,60.49,73.29,60.33,75.08,67.45,44.53,55.5,64.58,5657CC39685AA1095BCB8DB0AA352B40
43.2,46.81,41.69,44.2,40.82,45.87,49.73,52.51,57.4,57.91,54.26,55.66,69.19,66.71,58.52,61.41,55.84,65.62,59.27,57.83,69.72,66.02,75.47,77.89,87.97,64.6,9BB48C5EC7B8F3C1DF6104038EBBDD35
64.07,53.21,56.54,50.72,64.78,47.36,48.16,48.89,56.89,59.57,58.75,65.73,56.88,66.25,71.83,68.8,60.94,0,61.6,58.88,74.36,66.3,65.3,68.39,68.41,66.99,2ED55561C1D7270D91DEE11394C7BBC1
46.57,57.24,57.6,47.29,45.5,67.6,65.36,65.44,73.01,64.11,53.74,51.77,81.14,65.99,70.08,59.29,64.29,0,0,66.54,66.17,70.32,70.08,55.52,46.36,44.52,27239909366F1086395C3761F1BCBD5A
2.46,0,0,0.03,0,0,0.01,0.02,0.04,0.15,0.16,0.12,33.26,65.87,62.62,52.2,39.31,38.97,36.73,29.7,53.19,55.48,54.17,38.51,23.44,27.04,8A2C9BDE8E5544DDEB52A172C6CAB0C4
71.89,68.35,63.04,80.22,68.27,56.87,57.51,65.48,68.02,74.65,70.6,125.72,71.84,65.51,52.66,51.64,63.74,56.01,60.42,56.27,66.52,58.63,62.34,57.57,48.07,69.68,D9FB2316AA9251C219C0865011EBDEB9
87.74,69.6,77.06,73.59,87.25,80.14,72.24,79.28,75.53,69.85,88.7,83.34,71.89,65.29,67.89,76.79,70.67,66.39,73.78,62.68,65.28,64.98,67.02,67.77,57.76,51.43,BB2539506326DF7D0351581DD1E142EF
92.51,105.06,97.63,83.28,80.86,91.13,97.78,91.76,83.61,84.13,73.31,58.9,77.46,65.22,62.63,74.03,77.67,76.12,70.19,71.83,80.59,80.53,89.64,79.56,75.25,77.37,03EFB621A4CFF8F7E925665B22D8A9EC
42.58,72.4,146.8,111.92,81.82,72.77,59.21,0,55.38,51.4,58.37,54.97,37.79,65.02,65.78,66.99,27.1,104.85,82.77,133.98,81.62,79.76,61.59,47.11,158.5,168.83,0D2AEDDF96AF5EF2DCC3A78471655BE8
85.3,69.15,0,64.32,70.45,56.72,0,71.04,0,0,81.14,83.38,75.13,64.44,73.53,74.52,59.53,85.77,0,0,78.5,75.74,68.97,58.75,86.59,72.18,8ED4EDFD8EDFE51CBF9E27D21AA7382A
53.25,60.31,58.24,60.17,55.15,50.09,37.12,47.87,37.36,54.12,48.72,41.8,48.8,64.37,54.74,49.53,44.06,45.37,53.18,47.99,44.78,42.93,60.75,40.13,22.53,19.29,720FB0F10D963D327C7E9557B8CE8401
88.08,0,0,61.25,74.5,0,72.91,64.43,84.41,72.12,71.18,68.12,74.06,64.08,52.98,87.62,98.53,67,76.36,76.87,77.96,0,85.61,63.92,50.51,64.04,ED4DE4B99E6962B84FC71BDD4037CAC5
37.76,30.32,20.63,1.23,24.67,36.94,11.47,5.26,51.82,24.95,13.22,18.61,22.7,64.02,31.45,15.52,14.67,0.88,26,20.07,64.09,22.06,35.87,3.28,1.05,6.48,49E82A448EA15079AA58855A2270D4C4
42.48,62.52,52.47,44.82,37.84,58.83,55.51,55.45,63.54,62.25,53.43,38.75,59.35,63.99,58.33,59.84,53.47,45.27,42.08,62.82,52.43,55.19,52.77,52.08,43.49,57.7,212E65D6BFD8CE686E2B89B14F1BA890
53.75,61.83,61.46,66.85,56.47,66.28,62.54,62.67,65.62,61.03,60.04,63.31,63.23,63.67,51.55,52.99,0,0,48.07,51.05,51.13,54.43,35.82,29.44,50.93,62.71,FD02546096145DB7AFD33DE431792CD0
0,51.72,50.99,47.58,0,63.94,49.71,47.42,35.97,59.47,63.82,60.46,65.18,63.5,57.04,60.12,56.06,64.17,0,58.44,62.68,66.62,55.12,67.97,65,65.58,08CD2237CF4445D9DCE6B45D19D65C9D
0,35.78,87.54,82.79,55.47,71.3,27.35,50.12,63.37,55.44,72.66,65.3,61.55,63.11,50.19,63.75,49.01,64.47,93.48,18.5,69.61,75,85.81,96.11,108.16,146.33,8BF73E4D0E7E785267CC3A6F063B77F6
84,133.17,67.96,75.76,83.31,78.85,79.35,70.03,57.77,0,54.38,60.21,77.94,62.87,63.76,0,0,55.51,59.95,62.28,61.72,64.11,111.24,126.02,70.03,73.14,C200AAB134D785F421C9A0A5F12EB2FD
27.13,44.48,40.52,32.56,48.53,45.35,38.29,60.34,56.47,72.35,28.44,37.5,68.43,62.83,75.3,73.94,44.48,67.54,57.82,57.75,55.22,65.68,49.31,43.13,7.57,0,701873AC65E38984A1D1A260E32092B5
17.12,21.03,21.28,8.63,7.23,4.77,4.81,1.96,5.67,2.91,6.47,23.63,9.46,62.11,4.73,7.92,4.54,1.9,1,1,1.23,2.55,2.41,2.16,1,1.01,AFB6D55A2F6E78446A4E92412453BB3E
16.85,26.82,23.97,19.37,20.18,26.12,28.52,15.81,21.24,46.23,35.81,41.23,31.59,61.69,45.66,40.78,36.08,33.26,50.79,42.81,42.58,44.41,45.12,36.47,41.56,32.41,621D2D8D6D9B5393D42BE5900DF37E95
51.23,44.04,0,0,48.94,60.59,0,59.26,0,0,0,67.53,0,61.63,0,45.2,0,46.13,0,0,55.85,42.27,59.94,48.53,51.9,62.92,51F299B5EBB43615ACE69C37241EAB1C
69.26,68.22,71.56,73.46,74.35,54.57,55.68,59.71,62.53,60.57,63.64,68.55,62.38,61.47,66.55,65.2,66.97,69.58,57.6,62.71,64.22,72.04,66.86,66.88,61.3,58.4,D8148C658286001015FA60B8BEF129CC
47.22,57.41,68.42,53.05,59.34,57.21,61.75,58.42,52.61,54.47,56.28,48.86,47.45,61.25,58.65,66.03,61.38,57.58,52.58,55.64,59.29,56.26,44.59,42.84,27.98,6.19,D09DFD13F6521367ED3A5D7E393B1121
72.83,53.68,61.62,68.5,59.71,57.01,59.88,55.44,52.25,60.15,70.77,56.44,54.62,61.04,65.58,64.11,73.03,71.93,60.26,65.11,68.79,75.55,73.17,72.29,66.78,73.72,229F446916BEAFC30DC41A332BDF0B2F
78.28,61.61,68.49,73.65,71.79,69.69,64.51,68.71,62.18,83.76,78.77,85.93,73,60.92,74.64,80.76,75.9,74.76,82.41,75.69,75.51,75.9,66.12,65.88,72.1,73.46,E0BF934E0390BB3F1EE7C23BF3CC7762
59.1,54.9,54.19,53.72,61.03,57.1,56.61,58.31,59.15,57.93,60.42,58.9,59.44,60.67,59.91,31.92,28.9,29.59,31.02,29.5,28.41,30.63,30.3,29.21,29.15,28.39,EA1DDE3634E340BEA275B2DE929BA8F3
60.34,60.57,60.77,60.45,60.49,60.35,60.47,60.52,60.2,60.7,0,60.39,60.36,60.3,60.22,60.48,60.55,60.28,60.37,60.54,60.52,60.24,60.24,60.31,60.42,60.31,A3818538C110F8BC3A1C82536C1F97BB
36.78,49.05,0,0,60.25,56.8,0,0,0,0,0,51.4,50.16,59.98,60.17,64.9,58.32,63.12,0,0,58.78,62.97,63.04,50.26,58.29,51.36,C8746A44737011CAA6C2DFBAC05E61FE
48.47,62.79,67.61,52.15,37.63,63.01,63.38,56.38,51.03,47.2,33.2,44.67,52.34,59.91,55,56.89,52.04,50.45,30.77,57.99,54.04,61.27,59.25,50.82,48.77,41.13,BD760777B40A677EA80311E03EEEFD92
53.04,55.44,53.04,55.06,75.91,111.25,95.59,73.26,97.2,74.72,64.58,73.02,63.58,59.72,56.4,60.72,51.54,34.98,34.85,42.81,41.38,33.26,39.49,29.01,29.98,49.45,945C3999D43F2AD386AAFBC958E9ED50
59.13,58.24,57.83,59.31,61.61,58.67,58.61,58.15,57.21,59.18,59.95,60.3,59.01,59.36,62.11,58.02,60.25,61.66,59.4,60.84,59.8,61.76,60.71,65.89,69.31,64.15,7CD83C140CB45938817305960893D5CF
67.13,46.04,48.52,41.18,39.85,0,59.48,57,68.29,57.01,58.33,37.38,57.05,59.33,60.76,63.93,42.49,44.21,59.41,0,0,51.16,63.51,40.74,40.77,41.14,69E8F2A26AC26C5C7B37567668874183
0,0,0,0,0,0,0,0,0,0,0,0,85.33,59.21,0,0,0,0,0,0,0,0,32.04,0,0,0,EA5697606511BDA8B2338B576FEA8362
37.11,34.99,34.26,35.76,37.16,32.99,31.22,34.51,27.21,53.8,53.6,48.06,54.82,59.13,58.32,59.28,62.42,49.33,64.12,58.67,59,51.21,67.23,55.52,56.9,64.1,0A6448365E717E0A312C67953101CC77
57.21,53.71,58.13,62.87,62.92,61.53,56.56,60.76,57.61,62.39,60.09,64.84,60.12,58.87,65.5,65.92,67.99,62.82,64.4,62.58,63.09,61.34,60.04,68.1,70.62,64.35,E7B2155116DC538E0546B6543D5162C5
0,57.61,60.36,58.87,69.06,65.36,61.3,58.7,60.43,60.09,60.7,64.08,55.6,58.74,57.13,57.32,53.02,62.14,60.14,62.27,48.26,60.16,57.4,68.71,57.47,56.5,D29F738310A71F0B503AE95A22D4CAC5
0.35,70.26,60.27,63.03,20.77,71.62,67.94,74.29,76.12,70.6,44.32,50.82,60.03,58.46,,,,,,,,,,,,,EC246E5F8A938DE3AC569E872CAD8AEF
67.29,60.3,61.15,58.81,60.89,61.12,60.45,56.8,58.26,60.26,61.04,61.7,57.44,58.19,63.2,63.19,62.08,62.97,62.02,67.93,68.05,69.51,74.57,72.55,79.22,79.15,19C7EB380C281C0862A922FBEA377205
57.8,57.74,57.87,58.21,58.02,57.91,57.77,58.12,58,57.66,57.84,57.98,57.75,58.04,57.89,57.84,57.7,57.93,57.64,57.8,57.94,57.54,57.62,57.36,57.66,57.78,87F0EBF11FFFA5617590F9BDD748B03F
55.01,53.62,55.16,54.21,53.34,58.01,52.97,56.99,56.06,59.62,58.84,59.54,56.22,57.97,56.11,55.13,55.48,56.85,56.25,54.96,52.8,52.56,51.26,54.29,53.22,51.2,55CEDAC282708CF46513AF080D50EDB7
36.32,140.5,92.34,58.31,64.57,113.79,86.38,75.64,86.16,56.27,55.04,54.65,61.98,57.79,54.18,39.09,44.17,46.44,26.18,41.77,37.04,25,30.42,30.36,33.14,32.84,F76499EB19BDB5615FD96AF234D0ADB0
62.35,65.95,59.8,68.22,61.8,61.26,60.52,61.9,59.56,59.23,62.08,63.08,63.07,57.72,61.76,58.82,61.08,64.02,0,0,59.53,52.33,49.03,48.19,50.35,37.49,9464045BB3FE0D5692FA91358F86EFDC
44.02,35.44,44.11,35.44,47.25,46.66,42.93,52.9,56.26,47.29,40.55,46.38,61.35,57.58,59.08,76.04,66.61,57.18,61.85,66.1,65.13,60.54,37.45,59.18,43.35,49.92,5E211B85FE09C93203A271F24D934985
60.87,55.81,58.01,50.65,47.12,63.8,57.47,51.44,46.17,60.73,56.31,57.14,57.41,57.38,54.98,44.4,57.09,54.34,54.65,49.63,61.02,51.03,60.29,35.03,42.84,61.65,51DD6330BA4DB119DD53A941254BABE9
57.05,49.94,46.83,44.56,46.82,44.64,51.64,41.08,53.17,53.58,47.67,48.79,45.49,57.14,56.3,53.79,48.33,49.34,59.03,56.5,65.4,59.58,63.29,49.8,61.28,42.53,60C775707DB8C7071A49BF7AF83919BA
59.24,57.56,53.41,52.73,53.69,53.38,62.94,53.89,59.11,62.51,51.44,45.83,55.58,57.11,56.1,60.51,58.66,62,63.51,63.98,62.32,71.38,62.63,58.03,51.66,0.25,7EFE474408F9FB8C3913302313EE628A
63.42,55.39,57.07,53.1,65.32,53.82,51.58,50.28,62,52.53,57.05,51.53,56.54,57.06,61.2,60.99,58.78,54.7,60.69,56.37,60.43,55.72,53.15,48.31,54.85,44.78,7E5EEA63D4A403D674906E9C9AA1836E
56.9,57.16,58.59,60.1,65.97,33.36,57.39,58,58.32,59.27,57.3,58.59,55.76,57.05,54.81,56.12,53.18,52.99,55.23,52.88,51.6,53.41,55.4,52.57,52.22,50.88,59EED54886B27B432E5FF6B3ABF52A6A
59.86,63.65,59.83,60.52,59.24,56.49,55.69,60.46,59.31,58.07,55.37,59.16,60.2,57.04,57.97,59,60.12,52.7,57.98,61.2,62.6,66.01,66.67,72.24,70.24,69.82,97DE10D06D6F462119C3712969489972
36.91,38.08,24.27,33.61,37.36,44.73,36.8,44.48,33.93,45.25,40.52,47.21,35.1,57.02,52.17,42.75,28.76,14.62,40.26,32.24,29.73,31.48,31.09,27.65,6.88,19.28,60EBB992BC804DEA3F1C10BFB7050CB5
65.2,54.8,21.94,53.3,22.23,43.02,54.27,23.9,25.46,0,54.09,60.13,40.74,56.77,45.94,50.76,19.6,4.53,28.41,37.62,52.17,49.86,0,17.19,43.28,0,E706A1818A9D99F257C46D81B1CCB19E
60.1,46.4,42.99,40.6,48.21,53.79,47.94,48.01,53.01,59.42,48.68,42.45,45.03,56.09,52.22,54.08,51.77,51.09,48.02,46.88,41.98,45.81,32.38,39.41,48.85,39.09,D188C02EAE54054304D606D1CAE5F8E9
56.99,56.6,56.6,56.84,56.53,55.19,55.92,59.36,57.57,54.01,0,0,57.67,55.34,53.15,54.94,55.39,56.7,54.83,55.65,55.5,54.26,54.11,54.66,57.45,57.88,1F8EBA3341BF69EF1AA4D277DEF0F629
64.24,60.8,65.68,65.75,63.96,62.29,61.13,61.14,63.76,57.81,57.9,64.19,74,55.19,65.48,58.75,52.09,52.75,51.68,47.82,47.17,56.37,50.63,47.43,41.11,42.44,798E960AE3481D2D66259A7C3C8CB70D
55.07,55.11,55.06,55.15,54.86,54.92,55.11,55.16,54.97,55.02,54.86,54.93,54.96,54.91,54.44,54.91,54.98,55.28,55.11,55.1,55.02,54.92,55.16,55.07,55.15,54.99,C927D4886F3AE4AF389A54B2964C1456
5.8,4.99,3.71,1.24,3.09,5.71,13.17,25.94,18.21,4.56,15.46,41.07,45.15,54.6,36.59,21.86,11.1,16.76,10.74,15,13.28,9.2,18.17,11.32,14.67,22.01,2E44BE20374957EAA4505FE68EE85ABA
92.19,60.7,59.18,62.09,78.03,64.5,60.36,59.94,66.62,55.16,70.15,69.44,51.62,54.33,56.64,62.9,50.8,55.82,82.64,54.87,63.82,40.43,36.06,32.66,34.98,23.67,9D2F0B2B646E7E72AB5B31E6B8A6C1D5
90.27,83.09,84.21,65.74,86,100.15,88.82,90.64,102.21,108.14,76.38,95.13,82.34,54.26,91.7,97.92,101.08,85.5,94.29,54.34,60.34,65.96,87.23,84.34,82.34,75.56,D0010587BF8518AEAF0330B75CD0FC7F
16.45,9.75,10.15,33.65,33.91,30.75,35.81,34.8,39.63,39.85,42.13,40.69,36.78,53.69,43.99,55.91,63.77,56.17,66.39,57.5,66.62,66.82,74.63,69.16,76.09,78.61,B30C759587EDE71A166A33BC26EE00D5
45.82,54.53,53.16,51.01,50.45,51.47,54.08,53.44,53.22,54.94,52.63,50.43,52.31,53.66,58.64,54.06,54.43,53.95,50.68,57.91,56.17,58.49,61.07,62.8,59.48,53.89,F7E34D2DFBDF8CF174DA40957668C2E4
21.56,27.91,34.51,0,0,0,5.92,0,4.1,33.88,27.35,0,38.12,53.59,57.21,0,0,18.75,22.8,20.64,8.37,25.06,52.74,0,0,0,5098459BEAD5A122033C9F095CCE253C
1.28,82.25,96.69,93.58,55.19,44.21,41.08,42.32,51.39,51.24,53.23,40.44,48.52,53.5,48.54,57.14,75.16,54.65,58.56,65.85,45.5,59.74,60.6,28.15,20.31,48.45,30E3AC7F062BE83A8670716A7705FE2F
27.36,31.38,24.31,31.79,23.4,26.2,23.65,22.81,31.03,33.63,24.11,36.39,26.49,53.39,33.26,23.29,42.28,32.79,20.78,27,41.42,60.78,80.48,76.03,65.61,66.14,91F1E7610685188FCBAD844A0A0D24E7
55.29,52.13,55.38,51.71,52.61,53.68,54.48,52.29,53.22,51.48,52.35,52.46,52.85,53.31,55.14,64.71,51.27,50.47,54.33,51.74,51.5,51.15,49.75,49.93,52.04,52.79,768B849058C0F85A240A8F4A4DAD5C53
19.04,0,16.58,33.35,34.83,28.15,37.42,48.59,47.11,36.35,66.29,59.44,60.33,53.22,53.57,45.92,49.03,48.51,47.63,48.31,46.32,48.24,46.65,45.39,41.25,45.8,BB9C5A9581DF352684E83630FAE4E130
65.12,54.62,56.47,60.5,65.84,59.36,60.2,50.27,58.83,54.86,59.98,66.56,56.05,52.92,67.19,62.48,54.87,59.01,56.73,59.07,52.73,56.8,50.46,50.74,47.84,52.19,923326A4A7E10C187A5B2A33BACD09FA
48.54,20.19,17.24,36.54,42.82,31.73,25.24,19.44,36.51,48.91,1.45,46.88,45.03,52.84,32.24,28.29,7.85,40.22,28.04,41.6,24.37,25.49,34.4,35.13,0.98,54.27,13D17EEAF77BFDDBC3963E54E3519306
56.19,49.99,43.49,36.05,37.03,40.3,38.25,38.95,50.39,48.25,37.4,0,0,52.77,50.48,56.47,58.14,55.75,52.28,42.68,47,55.75,56.41,0,52.2,42.78,91E9500CCC950BBCFBA6176908F4F1EA
0,44.12,44.71,50.11,43.61,49.38,21.73,52.96,26.82,16.45,51.06,56.31,34.31,52.5,51.87,39.7,41.61,32.67,41.21,35.63,43.67,39.39,29.4,26.93,25.06,22.18,9D26CB4FD55069B3F0B94921B66CB21B
58.97,49.3,46.28,46.53,55.07,62.5,63.39,56.95,63.62,61.13,67.29,57.71,47.96,52.5,49.66,57.5,60.37,56.25,50.3,0,50.59,44.17,55.62,56.58,57.2,59.2,36DCDB58F9C03A9D40BED535178D2CF6
37.67,30.51,15.16,30.43,37.96,48.88,39.99,0,44.82,50.68,0,0,48.6,52.47,46.79,50.32,41.21,47.02,49.95,38.45,40.56,49.32,46.83,42.07,34.05,27.23,AE92C50BA24799ACB7E87677E9C8B2F6
37.83,0,38.59,37.16,49.52,42.56,35.19,42.12,59.5,0,0,55.75,50.35,52.36,0,0,0,0,0,0,59.52,0,0,52.64,0,52.77,7055CDD585778B1D2EEEECBEA8B10339
44.1,53.94,54.28,55.3,53.66,51.27,54.31,58.76,56.36,47.85,56.56,57.06,54.01,52.36,48.23,48.78,55.57,49.92,48,51.29,48.15,44.15,46.81,46.77,52.3,47.83,6DE9F1EA27B469CEF36EE9828749A562
58.58,53.66,57.73,48.04,58.64,54.95,46.68,41.8,51.88,56.24,58.69,53.6,57.31,52.05,45.76,62.01,42.65,54.62,53.45,52.02,49.07,56.96,50.95,60.99,47.99,49.18,7748824EA58E12ED6C8E4036B8E419F6
44.97,52.88,56.25,53.2,61.79,56.22,52.92,53.23,56.31,47.74,53.31,73.36,58.06,51.84,55.76,44.02,57.03,53.33,46.96,56.33,56.1,42.11,51.45,60.71,59.69,55.92,0F1A028BCBDA8D67E7DBA81A6D0F370A
143.77,249,231.55,0,249.87,117.48,41.23,51.94,46.68,50.46,41.91,40.06,50.91,51.75,50.18,49.76,52.12,46.35,46.2,52.17,47.97,49.65,50.65,45.69,41.31,39.89,2978E0AE5D0A744D16534318B607688E
36.28,34.98,49,58.02,57.65,51.48,51.49,42.86,35.79,61.59,32.82,41.82,48.82,51.69,39.79,36.94,45.66,39.38,31.16,37.07,48.45,50.61,48.12,38.99,35.82,42.04,5F4253AFB108A79216F2ECD8469DFE95
31.67,36.18,25.56,26.55,25.44,30.57,28.13,28.78,37.68,36.51,33.47,35.55,67.5,51.58,48.33,41.3,44.37,46.07,51.92,43.32,54.74,53.81,42.56,45.88,41.87,36.96,66263A25CE74586B044423F61754EC61
19.43,15.16,0,18.17,20.28,18.01,0,12.53,0,0,15.82,15.87,24.03,51.56,46.05,27.01,66.13,26.04,0,0,30.12,22.36,23.56,35.01,21.22,29.6,7F8E3D42A4F9C447481A9A3D9ABF16D7
62.11,50.15,51.42,49.39,65.04,43.87,36.45,48.43,55.35,49.94,55.18,51.89,59.64,51.55,59.91,66.15,54.4,50.82,51.7,53.37,58.17,57.62,50.16,39.94,37.53,26.97,38B89FEC09F2D3BF0120CCACF5E8CE98
49.79,49.23,47.94,49.59,46.21,53.79,54.7,46.78,51.84,49.74,48.96,49.79,57.87,51.08,48.63,55.2,56.57,50.02,49.41,0,53.03,64.66,70.34,54.78,46.46,52.75,4E321F0423A8EF67E57553A29CC7357E
51.31,46.72,45.12,47.16,52.22,42,40.04,0,42.91,51.42,49.95,48.06,41.99,51.06,0,48.98,53.46,0,0,63.16,0,54.1,64.51,53.1,53,51.14,85FC0C1D8A095287538A1247EABCECDA
41.33,59.38,39.6,33.59,35.21,0,45.76,43.64,37.93,43.48,39.71,44.28,51.62,51.05,59.8,51.49,42.15,34.78,38.05,46.32,0,46.47,41.96,43.67,44.66,42.92,B71CB752F3C45B7DB46195EEC4D024FB
59.56,56.49,56.41,51.68,56.06,54.75,52.43,51.43,48.88,51.45,51.34,48.17,49.59,51.03,53.08,38.33,52.58,50.95,47.45,49.65,48.23,53.04,53.36,55.2,48.54,53.29,7EE4B1D9550FFE0887C5867725368E25
13.88,17.2,12.87,14.8,15.6,15.03,12.14,16.9,18.9,13.91,14.07,9.32,10.38,50.87,13.59,13.56,10.49,14.88,14.54,11.26,14.36,13.08,11.92,16.07,11.25,15.99,38C9A17E49C7BA624E15513082CD6CF9
14.69,25.26,20.66,24.2,26.26,28.86,25.85,25.54,19.4,25.02,6.98,24.26,43.05,50.59,48.19,24.61,18.04,0,26.76,24.16,25.08,26.29,23.98,20.99,38.67,24.8,C6CF92E78D53EBED548724AC167692E9
50.73,50,50.33,50.26,50.41,50.04,50.15,50.37,50.32,50.02,50.67,50.85,50.48,50.53,50.79,50.68,50.79,43.05,39.62,43.95,50.7,51.29,51.37,51.53,52.23,52.22,011EA121B5DEF43E2F6D198163A49773
60.05,45.08,37.08,41.11,48.24,44.39,41.5,40.7,40.87,44.73,39.94,42.92,39.59,50.38,44.54,49.95,37.08,41.5,38.08,39.42,39.05,38.73,57.1,33.9,31.87,36.24,340BCB98AF15B0DEEB0552548F7BD8BF
51.22,51.48,51.99,52.08,52.01,51.09,51.48,51.68,51.37,50.59,50.89,50.8,50.51,50.3,50.21,50.72,51.04,51.12,50.54,50.53,50.51,50.5,50.32,50.54,51.1,51.35,F9766EB9B76C138487B5C82C5F169D3F
64.97,52.16,57.76,54.73,50.01,42.62,53.86,66.19,72.76,61.03,57.51,65.49,67.62,50.13,53.93,61.77,45.72,58.37,39.79,44.58,43.92,35.23,27.78,33.13,40.78,46.83,7C471EF5F73C786B84B8BAFA7D00128F
39.56,25.2,20.55,15.89,25.71,44.48,22.83,30.45,33.36,51.85,56.17,24.77,39.47,50.1,48.96,48.83,37.34,39.18,44.08,23.81,18.82,47.87,37.73,38.23,26.09,29.41,E5896E5B0BD9496AEE7DAF5DEBB5F53C
57.25,41,51.55,47.77,46.94,49.91,53,43.13,51.46,53.24,42.4,51.1,51.91,50.07,47.94,74.82,49.34,60.63,56.37,49.32,42.38,50.6,60.98,45.74,51.57,50.46,B4A572FB640AB55023136087EBBE1BB4
42.84,0,51.74,52.24,52.55,57.99,52.13,48.83,46.51,44.7,45.95,0,0,49.96,0,0,51.13,48.84,50.11,0,0,0,0,0,28.33,26.72,E052BAEAC4DC83CBBFEA0E82E7A4165E
58.86,47.57,58.93,56.23,48.76,43.62,58.43,52.11,48.38,44.34,49.09,46.74,47.24,49.87,58.7,55.55,55.05,54.87,60.78,62.69,74.43,73.3,121.16,179.92,102.73,73.67,AAFC20216EE45D4F1622217124A65606
49.27,26.85,36.37,29.97,28.41,34.38,27.91,30.93,30.24,31.84,35.28,30.69,42.48,49.84,38.59,51.66,42.07,47.03,34.16,44.49,39.69,38.53,48.51,42.79,39.51,37.75,FFAFBB6FC292AEBF61372E86A9769CA1
0,57.68,63.57,53.3,0,56.41,56.53,56.84,56.43,54.14,57.29,50.85,58.58,49.74,78.22,58.53,72.09,72.75,0,76.81,74.19,56.76,70.57,62.25,76.52,68.09,80724312A239A3C3F0C2F8A5922C3B5C
52.35,49.72,40.74,34.57,36.39,39.76,44.11,38.68,45.72,43.46,45.64,43.36,47.83,49.64,50.38,45.74,49.35,50.84,46.4,47.7,43.22,43.32,18.85,7.71,9.36,0.03,8CEB37E84DB04E20E26523D569A29ABA
17.51,17.79,11.1,8.87,14.15,11.09,17.72,24.5,32.82,44.7,37.97,47.33,49.83,49.64,45.91,34.42,41.5,43.66,28.48,39.18,29.8,20.67,36.15,29.66,30.86,25.91,28D954ACE82B71F0B1ADF3884AD5FD76
66.06,50.19,63.21,66.7,57.26,50.16,52.96,54.68,46.65,55.08,61.17,59.93,44.87,49.57,58.13,57.52,56.19,58.43,57.9,59.84,56.51,60.59,57.24,60.7,67.63,64.97,83BDC64F83FA39CEF1B28E7A3413441F
39.39,40.69,39.8,41.34,42.08,43.32,37.87,52.09,48.29,51.77,52.33,50.18,52.94,49.48,40.51,48.18,58.18,61.51,54.48,49.39,46.63,41.76,37.27,50.13,50.13,45.29,FA375DB1E2713619F458A8CE15DB1093
35.95,46.84,32.49,35.36,29.45,31.87,36.66,33.21,38.25,52.12,30.9,35.97,37.7,49.37,35.43,42.48,41.04,35.33,42.22,31.91,44.97,39.82,40.25,38.32,37.33,32.64,D4364F4655DA73F1E0BA4B2D1488EE91
57.93,61.78,56.95,58.46,59.02,56.99,58.5,61.41,61.72,60.34,55.54,42.06,47.03,49.31,51.63,54,60.17,63,62.69,60.16,74.59,57.04,61.94,63,64.09,51.25,C1BE7E9E2CDD39F15474747260AFDD7A
0,0,50.92,0,48.47,46.97,50.31,49.3,0,0,0,49.77,53.11,49.25,56.17,50.84,52.38,49.2,53.23,49.31,48.44,52.57,50.29,51.04,51.66,52.43,B31DBAE804FE97E05CA61AA77A864EE3
34.24,48.64,46.95,36.58,33.57,51.1,44.47,48.14,52.73,43.6,29.36,0,0,49.04,51.73,42.23,42.74,19.36,19.14,32.04,27.63,27.36,23.99,19.79,18.1,16.19,C133D69EB358D94F55AC64F1FBEA0AB1
53.25,50.37,52.66,49.69,53.5,49.26,45.16,47.83,43.57,47.49,54.17,49.3,43.88,48.82,49.78,53.13,49.5,57.7,55.18,51.83,52.49,29.14,53.99,53.69,62.43,55.5,528EE49C10CB9C1D7344800209CA6259
39.13,44.98,47.97,44.68,43.59,48.77,48.3,42.88,42.05,46.57,51.23,43.21,45.27,48.77,49.91,49.52,51.2,48.99,43.91,51.72,51.72,51.7,48.2,58.58,58.65,52.36,345F1291FAA7E8363BDE895CE5D98911
53,61.86,53.33,59.53,61.05,0,48.6,49.97,51.18,61.41,51.95,54.49,49.3,48.75,0,53.06,49.83,0,53.55,0,43.32,38.46,40.99,0,41.43,0,85A8D813E5F1E4439CE7A6DCEC25F19F
0,48.69,45.78,55.27,0,50.1,46.12,50.95,50.98,51.92,48.7,46.18,39.99,48.68,49.96,49.42,51.43,50.52,0,50.33,63.7,48.55,50.1,66.19,50.31,48.23,64C23D70D8AA80142AFC61E3AC34E806
51.72,49.64,45.86,45.52,51.06,46.06,45.2,43.66,45.17,46.45,45.61,45.74,50.6,48.61,46.57,51.74,45.3,47.52,47.29,51.73,50.17,56.14,57.56,49.09,42.11,40.48,520FF952C63ED90E93967264E275DEBB
35.95,34.42,31.81,35.96,33.75,34.05,33.51,36.84,40.98,45.47,40.99,40.23,39.14,48.44,52.84,43.05,40.68,38.75,33.83,36.7,15.28,34.6,27.68,27.15,18.54,32.37,EA67CDC23F7A0134F9FD3EF34F0543F9
0,0,0,0,0,49.87,49.02,47.31,42.57,49.12,52.81,48.89,45.27,48.41,47.52,48.62,39.44,52.13,43.48,38.82,43.64,42.6,44.08,38.09,35.5,29.81,3391B26D7F0BB7D1D34C9A12FA0F39F6
42.15,41.51,41.25,43.92,43.34,43.86,49.26,43.7,43.43,42.72,39.85,42.85,48.15,48.37,50.56,45.43,46.63,43.15,51.29,49.13,52.64,49.62,52.9,49.28,48.71,47.52,787DB8CCEDA0B245F75249C9C8525D8C
40.86,40.2,31.19,30.26,33.13,32.54,27.97,28.34,29.34,33.79,24.92,21.3,29.72,48.31,24.28,2.94,1.06,0.57,0.53,0.56,1.27,1.63,3.24,2.96,2.83,3.05,2C71A5108E4DCE4C74B5F69531759ACA
47.08,46.61,39.41,0,45.84,47.57,47.43,0,0,0,0,45.98,49.11,48.15,37.44,0,46.88,0,45.2,44.66,45.7,51.04,48.25,41.26,45.28,0,3EDBA63D5994FDAB27848DC774DCEC2F
47.98,43.35,42.55,44.76,45.42,0,0,43.15,46.6,44.69,45.8,44.7,43.9,48.13,45.41,45.72,44.86,50.62,48.6,45.98,47.39,45.55,47.5,45.19,45.53,45.94,1FB283DCFB964312E8D22A7FEB8AEAA5
0,22.93,0,0,0,0,0,0,0,0,0,0,0,48.01,56.36,0,0,0,0,0,,,0,0,0,0,07AEB4D3D4C4BC648349E39839A3637B
0,45.45,42.53,45.44,0,50,39.25,43.76,50.61,37.65,53.62,49.5,55.6,47.9,52.29,53.28,47.09,61.17,0,54.15,43.71,63.39,59.88,40.34,58.82,48.81,5763E3915F51EB32ED374B5ADD31A6B5
33.29,32.22,20.55,26.21,23.09,29.92,27.14,30.06,42.68,25.02,15.35,25.63,43.49,47.77,36.5,39.24,39.89,43.41,40.54,44.49,32.15,35.86,44.38,41.16,23.91,30.22,189564338E99E9DBB9578180407E9FDD
40.66,32.95,31.25,35.87,38.6,39.93,40.89,40.37,49.01,37.51,33.2,0,44.31,47.66,41.87,40.64,40.21,36.23,37.4,36.5,38.03,38.05,33.61,30.94,32.72,31.87,5F30B6BF212733B6661BFEDDB185C9EE
47.95,42.39,35.14,56.55,34.36,29.89,34.02,20.6,31.8,50.84,47.5,37.89,50.82,47.59,46.76,49.39,50.15,47.26,47.43,37.89,42.56,33.4,41.29,30.66,43.36,46.53,6B8E385BF6563E847B3E86340943923C
27.02,27.59,27.39,24.72,28.38,32.69,28.77,41.84,38.42,39.36,42.38,34.16,31.75,47.18,37.7,39.39,29.31,42.2,46.99,40.56,36.9,41.6,36.61,49.23,35.96,46.76,C9DBD3AC097FE6B4BE9AF930E0D2733C
43.39,45.52,42.29,43.75,43.92,46.39,48.48,49.32,46.1,45.37,46.67,44.55,48.14,47.12,45.64,45.69,47.41,51.35,45.21,47.35,48.93,50.26,48.34,49.64,47.26,49.5,D4FC3327E5FAD9B6AA73B7975834C253
37.92,40.26,38.6,46.87,46.55,41.28,39.74,35.24,43.12,42.28,41.96,43.63,41.97,47.03,41,41.51,44.09,42.87,44.82,51.17,49.53,52.68,52.49,56.73,52.27,51.84,77F39D2C6652C6714838262E3C32332D
34.34,37.52,46.38,44.01,39.82,40.72,41.39,39.47,41.17,38.86,39.69,43.65,44.47,46.93,47.85,45.66,40.95,42.77,38.79,36.87,41.33,38.63,40.69,29.37,25.71,18.88,3CCD5A318C1165842219C83AB0423220
57.93,65.66,60.56,66.1,67.31,66.82,68.05,59.75,68.19,61.87,57.59,54.25,52.74,46.87,45.72,39.09,39.71,41.92,41.24,36.39,36.82,31.61,24.74,9.13,0,0,28A68BF685393C5AA7B29B4E7994359E
45.54,44.85,0,48.87,46.07,41.82,32.41,43.43,38.1,44.08,40.56,44.28,37.51,46.83,41.25,42.53,42.57,0,42.63,39.53,42.21,45.55,45.15,44.45,41.56,46.19,AE57429B723D6FF668F66672968C1AE0
42.23,43.63,39.49,44.32,28.42,36.31,39.55,27.12,37.65,46.11,40.47,41.31,48.89,46.58,39.3,27.33,23.33,35.2,26.4,23.97,37.51,41.61,40.92,41.08,24.89,42.25,0E3729BE55A841237BB57CFCA1B7CDBB
47.94,48.73,48.28,48.49,46.96,48.49,46.39,46.98,46.37,48.31,46.31,46.85,46.04,46.52,46.38,33.87,47.09,46.72,45.98,46.24,45.42,46.05,46.59,44.45,45.98,44.78,9C3011E93B5569D0B8DE8ABA76A24857
41.45,37,37.22,34.34,40.73,48.51,52.61,50.85,0,47.14,48.35,0,47.77,46.47,47.08,48.22,47.63,47.39,46.81,47.35,46.86,47.63,47.4,43.17,37.64,36.94,CAAA910D3551F4D1B97E98BF1DFF39DE
51.56,42.04,0,0,43.17,44.8,0,45.66,0,0,0,48.98,41.04,46.38,43.78,45.25,0,45.49,0,0,47.99,46.37,47.31,49.96,47.09,48.18,D21C24F83C3545437E0839E4EE17C98D
43.4,51.59,0,41.59,44.62,0,37.11,41.51,39.47,35.46,34.67,0,42.62,46.3,38.78,41.49,36.29,37.37,35.23,37.65,42.98,38.59,0,29.38,0,41.33,B611D790CB2A438251AD98EC61B3BA3A
55.61,63.36,54.19,61.43,61.25,59.15,53.57,55.95,55.53,51.15,59.52,60.87,56.95,46.25,54.07,52.32,45.53,45.98,50.51,48.65,50.55,43.2,49,44.61,34.88,27.48,B7E388B243D5926391D43A5300991D19
28.93,26.36,27.93,34.43,45.55,37.63,32.41,33.71,31.72,44.16,34.12,48.43,0,46.22,46.73,45.7,46.53,46.87,45.36,0,0,31.33,29.28,32.25,33.16,29.56,DD5EFA58AD0CD388FF2F21861F14C387
39.05,32.22,34.32,27.36,27.9,29.96,31.13,29.88,32.16,36.97,31.22,33.74,31.68,46.11,30.92,33,25.79,6.29,5.28,6.45,4.99,5.62,7.15,6.82,7.87,6.65,3B6B6A399913A1C04617863D1F4FF456
29.73,22.01,12.5,12.61,18.97,18.32,13.21,20.82,22.68,17.85,27.63,32.81,28.17,46.03,24.75,33.68,26.77,28.75,23.88,15.6,28.72,25.67,30.34,33.15,26.77,35.73,DF80ECAE492DE167A6F94AEE84D8EC25
0,46.74,0,50,50.53,50.02,48.59,47.94,46.74,45.95,46.64,47.25,46.82,45.91,48.3,46.93,43.33,46.71,49.62,50.09,56.97,52.59,59.24,63.63,60.03,55.96,8AFD7EF43E91C0C7E7427D3D122449F1
22.52,28.22,45.07,41.46,34.76,37.84,42.44,37.48,35.97,47.37,50.08,40.07,39.15,45.85,44.58,48.13,39.6,33.24,30.8,44.96,39.11,26.25,39.89,35.65,45,27.12,6A49207DEE7142F1322B0E1C04D6E079
33.66,42.4,35.47,39.58,38.1,45.46,39.78,38.45,28.26,44.39,52.91,47.79,43.49,45.74,43.38,31.77,45.58,54.45,57.74,50.97,50.87,46.83,38.88,40.5,47.37,51.85,35E396B53BAAAA32526B2E4AB49EC14C
23.59,34.98,28.87,32.6,30.24,28.44,35.78,44.85,50.04,38.18,46.71,39.56,26.96,45.45,32.25,34.72,28.52,22.72,32.05,31.89,17.66,24.33,25.31,35.79,28.4,18.86,0D83372B960AA77AEDE31E9FBFF17EF7
45.06,36.37,36.83,35.7,43.16,31.74,39.5,29.92,38.94,41.99,43.63,48.62,49.79,45.36,50.16,41.44,36.9,42.02,44.59,33.05,39.93,38.38,41.09,37.23,32.17,32.33,F2C030F0CC3799F6F163DF35F51F763D
29.06,33.87,28.86,32.03,36.41,35.4,35.63,27.8,38.86,43.14,38.66,36.79,35.47,45.26,43.6,53.99,36.43,23.71,1.39,1.36,1.32,8.1,8.33,7.84,6.88,9.74,5C08B53B51CBFDBE58E377601BE9D4D0
45.13,35.42,20.8,23.61,21.99,22.11,19.85,21.28,30.34,43.33,32.02,0,32.49,44.95,50.87,32.88,38.23,36.12,38.02,29.15,28.64,24.63,23.32,29.13,23.94,25.2,96E912FB9B437BA61CC0B1F562D7A248
0,0,0,0,0,32.78,41.55,35.06,37.88,37.52,42.56,43.59,51.5,44.91,43.79,43.33,40.77,39.76,30.06,31.6,43.53,37.6,29.42,36.44,43.15,40.29,588AC4CE39A09E67BCCE005DBAB432B1
51.44,42.86,50.91,50.21,44.66,42.62,40.82,41.32,42.7,46.12,44.35,42.54,46.9,44.85,44.06,42.87,42.95,43.8,50.1,46.09,44.75,46.78,48.55,49.55,52.77,47,7AB619E52124BA03C32D9A3D3F6336AD
42.35,42.11,0,0,45.48,37.3,0,0,38.59,0,40.62,45.29,39.65,44.83,45.68,46.91,42.75,46.16,42.48,40.69,35.75,39.24,42.34,41.48,0,42.23,8F68311F2E3D5A1C8E897C97F28271D7
4.13,64.17,48.32,42.86,33.18,34.2,39.1,58.12,57.43,15.18,42.08,53.34,50.37,44.83,43.17,15.61,12.88,10.96,5.39,3.94,3.37,1.71,3.08,2.69,1.85,3.03,DB2BC4D010D6094BE0A9C03E96BFFF1A
37.67,46.66,37.28,41.33,38.91,31.15,66.65,32.01,36.85,94.06,38.05,54.37,29.08,44.67,97.23,53.35,41.88,36.17,31.79,34.6,35.58,32.69,35.03,34.82,36.35,34.15,861D63A0FF36E48EBB5B8D8E98124CC4
43.9,41.58,41.99,43,41.3,44.62,45.31,42.42,40.72,42.98,41.94,41.16,42.35,44.49,40.43,41.83,42.25,44.15,41.16,41.32,42.17,43.89,42.24,44.19,42.61,41.31,E882FB4A4C4FC8546901886AA1B24FD5
50.06,43.31,42.7,44.33,44.46,44.34,46.02,45.73,42.17,45.29,46.23,46.18,45.39,44.45,48.53,46.05,44.38,43.84,44.99,44.44,43.46,43.69,46.74,45.46,43.1,43.79,93EDA6A2A63150167D3832ACAA2DABD3
37.51,44.5,33.48,29.17,32.18,15.28,18.53,15.39,20.49,27.27,29.62,0,0,44.44,39.28,0,27.09,16.78,17.26,14.8,15.68,20.16,17.94,14.71,10.35,12.96,B2CAA483892237D91BCD16DA199FCC07
0,45.1,45.18,42.98,0,44.49,44.46,45.25,43.77,42.96,42.08,43.97,45.65,44.42,44.24,46.53,57.13,69.16,0,69.53,65.68,54.31,66.73,67.81,68.19,69.37,1EBF7D6B6B30ACD5916EEBCE28FBD24D
46.97,44.43,33.22,42.47,38.27,40.91,41.67,36.54,37.2,41.82,43.82,43.92,41.37,44.4,40.44,35.63,41.64,41.64,39.81,34.46,44.9,35.39,38.33,39.57,37.91,38.8,098EA201CB8EA4E64021E3CB47E38554
10.33,8.61,9.97,10.12,9.21,11.5,9.78,15.12,19.63,21.1,17.67,21.1,16.07,44.37,33.34,24.98,12.82,0,14.11,11.48,15.17,14.29,11.97,9.04,9.09,9.74,277C2DB03002CFAEE19437F042A2C686
68.94,56.04,0,0,57.01,52.71,0,54.35,0,0,0,57.13,0,44.36,59.55,27.2,0,58.79,0,0,58.15,73.09,59.49,49.69,62.75,66.21,55887895978008EBDB7BFAA8A2728E26
53.86,52.95,69.15,113.11,62.96,60.16,46.05,65.73,47.97,33.64,29.32,24.28,25.51,44.31,30.12,36.44,39.41,40.68,40.36,34.2,34.37,38.72,37.08,24.61,29.95,24.88,C962188BC851E0E46AAB2BBA30EFB25D
48.83,50.35,43.67,49.32,53.21,43.84,54.91,48.95,57.59,55.89,46.99,49.04,47.74,44.07,47.13,53.7,54.6,58.58,51.3,46.51,52.98,54.54,55.14,53.51,56.56,36.44,DC74BCA251EFB918953119DB10B98EE9
41.03,41.19,0,33.63,33.56,34.79,39.29,37.81,44.37,46.39,46.43,41.4,40.94,44.03,39.86,36.75,33.78,36.33,38.18,35.3,41.74,39.16,39.99,42.96,40.12,43.89,CB96634592DB6C17AC7C3F223AA0F1A2
41.16,37.67,43.34,30.95,40.36,33.61,34.58,39.35,42.63,38.8,42.47,37.51,41.16,43.95,37.34,38.89,25.06,39.41,50.38,35.67,61.41,52.26,42.3,37.82,44.49,39.81,949C335072B9D95195E6E908D2CF455D
0,0,0,0,0,0,0,0,0,0,0,48.06,59.71,43.89,0,0,42.05,82.37,0,55.24,0,43.24,0,0,0,49.64,EAB0372FDA7A4782B45BCF2A9A9A56DD
6.52,33.02,33.18,4.93,5.89,33.26,36.52,28.67,32.17,32.97,6.61,10.42,36.48,43.88,23.29,3.44,2.71,37.18,27.74,2.71,39.99,4.24,6.01,7.63,8.29,10.04,ED739712C30A4A47E9E1F27D509CDFBC
0,48.26,52.65,54.65,0,50.28,45.84,43.72,38.01,45.56,49.12,46.14,39.05,43.85,42.85,41.36,0,44.87,0,48.06,40.41,46.7,40.84,42.92,51.76,52.92,ACFEB00E6D1BC3FE3B0EC10E8C1B0001
35.18,33.15,37.25,47.8,39.49,42.1,40.15,41.18,36.66,36.49,40.61,43.15,44.84,43.85,52.07,53.26,45.69,48.46,64.34,45.29,42.97,41.16,42.31,46.37,48.89,51.56,89FA6F7CDC8A9A4DB1DEE611723B13F0
47.79,44.79,42.34,44.06,44.34,44.66,39.41,43.37,45.41,45.89,47.36,50,40.45,43.53,51.12,47.2,47.45,46.65,38.79,39.71,42.08,43.54,45.46,31.5,32.01,33.51,B4C1F354B0614440F413A53188235959
42.23,0,0,0,37.69,28.79,0,23.42,0,0,43.4,43.78,0,43.51,40.48,23.98,0,59.66,0,0,22.64,70.37,96.05,77.08,68.83,67.31,077ED43FFB6938675332B5BF15FC618E
63.12,55.65,34.56,37.57,38.58,37.36,30.94,30.36,36.31,38.85,12.95,37.73,36.23,43.38,42.39,33.66,36.46,35.72,37.22,46.12,35.08,46.89,34.32,60.96,38.42,35.36,88F357E1D5208E33B9F2CF2152EF0D7B
0,0,38.42,0,0,38.44,0,0,0,0,0,44.49,45.66,43.38,0,0,49.94,0,0,44.25,42.79,43.45,43.22,43.54,42.25,44.15,84F1095B57395FC2CC594E6274D1ED3A
43.55,43.66,43.66,43.63,43.57,43.51,43.38,43.18,43.37,43.33,43.32,43.4,43.3,43.3,43.36,43.47,43.39,43.26,43.24,43.32,43.33,43.34,43.53,43.39,43.33,43.48,A9D9F7A81583258F8560F2E130CE897F
31.79,26.04,23.66,32.5,36.13,36.16,36.53,32.79,31.57,29.13,32.48,16.87,22.1,43.15,54.02,41.62,22.75,30.29,30.85,18.85,18.26,22.67,12.61,21.2,18.2,16.33,AEDE4ED254D9EE3DFCBF9CAB725E4C2F
50.31,56.35,47.02,45.89,47.48,49.31,45.79,45.21,49.43,45.86,43.84,34.95,41.19,43.06,42.59,44.79,38.65,40.9,43.98,38.96,33.49,23.17,5.42,8.4,6.71,8.77,156D74890F0B5BEF86AD76ECF5C839CD
38.5,40.82,40.65,41.73,42.41,40.74,41.42,41.39,43.3,43.45,42.41,42.54,42.98,43.03,43.1,43.47,35.2,34.38,36.4,35.88,37.96,43.46,40.16,37.55,41.1,41.14,32CA40B754B4CE9353F7800FF5F71F69
0,27,38.06,26.05,34.39,36.35,33.53,45.29,29.99,27.17,23.22,35.67,35.86,43.02,38.74,30.82,34.99,21.21,20.52,22.82,33.86,31.22,35.64,26.45,25.57,25.87,55F877CE1F12484AA7BEB30A6199A00D
26.69,25.13,0,0,35.74,35.33,0,23.03,0,0,0,32.98,0,42.97,41.09,30.83,0,28.05,0,0,34.14,43.68,38.28,41.01,38.05,33.87,8E92542F71D4EDF88B169B1239CECDD0
45.4,42.95,41.81,42.38,45.05,44.39,45.72,42.33,46.29,45.37,43.19,45.1,46.51,42.93,43.14,47.81,41.67,44.91,44.67,46.18,46.59,46.78,46.47,45.12,42.87,47.47,B5C32F4897472C320AC6E740C94F3764
42.99,38.34,38.84,41.46,46.63,43.66,40.96,41.7,49.46,46.46,44.27,46.34,47.67,42.71,49.49,53.22,49.24,52.71,49.5,53.54,60.86,57.01,56.61,51.19,51.43,52.13,486AF43B63EE3B8A64A413DE8F7A9904
14.17,16.62,0,0,16.52,15.67,0,17.51,0,0,45.42,41.3,32.37,42.69,42.33,38.22,14.5,0,0,33.01,31.44,43.24,34.85,30.06,49.27,41.02,8D5B6FA8AC62FBC2AC64E06590DDA6B3
39.88,48.48,37.73,35.37,36.73,44.28,32.73,35.91,42.94,37.84,42.49,42.55,52.97,42.68,43.88,43.53,48.93,45.64,49.83,38.86,36.59,38.92,43.46,40.93,39.73,35.79,5F09301726F42308297E1AE8FDB9AF65
35.69,36.59,34.45,30.09,37.56,32.1,37.49,34.47,34.72,37.88,25.28,43.67,42.98,42.58,38.29,37.52,44.7,41.54,34.35,46.62,38.56,35.08,47.67,36.68,45.77,41.33,2C735AA269EA22E3C54DAB0219F49F35
40.93,33.22,0,0,35,38.67,37.33,26.66,0,0,0,27.08,39.27,42.54,24.78,30.52,31.73,24.68,20.86,21.5,27.94,38.1,34.8,24.58,15.96,30.15,B298D95678DD64DB564F29A90CB312F1
46.78,41.62,41.08,41.99,42.09,43.56,40.79,45.03,46.53,42.26,43.86,43.12,41.79,42.44,43.41,41.85,46.14,0,88.79,43.41,43.93,41.43,41.97,42.65,41.77,40.62,F1DA0989D216FAC3EEDE6A2FDCB2FA36
0,27.11,25.91,0,0,0,32.2,29.03,29.86,43.77,0,0,28.4,42.36,0,27.95,33.86,4.78,0,27.56,19.82,18.86,13.9,18.71,11.25,0.55,B29417768E46160968DD006644282D59
41.1,31.8,36.9,33.6,61.2,20.4,106.8,45.3,35.1,36,0,40.5,41.1,42.3,22.8,32.1,37.5,49.5,38.4,33.6,51.9,62.1,51.3,34.8,34.8,85.2,06581B74EC801D3E1D173FAE91CB01DD
36.91,44.26,38.42,40.59,45,38.08,42.13,40.44,40,45.24,38.2,38.92,43.52,42.29,43.19,37.41,38.58,40.22,32.15,36.02,26.63,22.68,28.57,31.72,38.9,40.93,289FBB7B25BF64C954DDBA30EB24FCD7
37.35,38.69,39.03,40.46,37.7,36.27,37.73,40.18,0,37.67,40.02,39.07,41.51,42.23,38.7,40.77,40.07,41.11,40.11,40.04,42.44,41.58,43.06,41.4,42.44,39,39E75072CF273B96112A525F0DBB5793
35.43,41.9,0,0,21.88,46.59,0,34.32,0,0,0,37.06,0,42.21,34.44,43.71,0,26,0,0,19.95,17.49,22.03,30.76,31.83,16.22,F35815D30D16A485D8426034A6A6A0A1
45.56,40.95,46.03,41.85,45.12,42.21,45.73,39.98,49.12,0,40.73,0,0,42.17,0,50.55,42.17,42.8,37.56,37.89,37.54,0,41.58,0,0,27.95,0E5FB21744D959B50FE34E982DCA8C8C
18.35,21.75,15.79,22.91,29.75,28.44,22.76,18.56,23.65,28.25,29.3,40.54,28.97,41.99,28.79,24.93,25.69,27.88,14.54,22.06,25.4,32.81,23.47,30.37,28.89,17.46,668921295DA2784364025E3D9DD4A2BF
0,0,0,0,0,0,0,0,0,0,0,0,23.94,41.94,23.81,6.53,8.25,0,13.86,30.42,38.26,26.84,0,7.44,11.04,18.97,D9179F5C5935F879CB904EED195D02FE
42.21,41.93,40.16,39.63,38.61,40.84,40.66,40.86,40.1,42.59,40.2,41.43,43.25,41.88,41.58,41.09,39.55,4.3,3.96,4.44,3.85,3.84,4.13,3.47,3.59,4.27,B2ED1B968CD2105D0F09800829CA0EF1
26.25,30.57,22.19,27.61,27.97,27.4,27.33,30.13,36.2,31.83,30.45,33.79,32.9,41.83,37.43,36.44,32.35,35.17,33.73,35.61,35.7,36.08,29.04,22.89,23.55,30.97,26513479F2651FEA1F8249AF101EC212
5.5,2.56,4.17,26.37,6.74,3.03,2.7,2.78,2.91,2.88,7.88,18.28,28.72,41.75,7.33,17.28,26.02,19.88,23.28,20.03,22.64,17.43,23.25,30.36,28.25,20.26,B59AD27ABC7DD62920DCDC7B61396B65
43.75,45.88,42.06,40.99,40.29,43.43,40.83,8.23,45.6,39.5,42.19,40.92,44.44,41.71,44.9,28.63,40.72,42.31,37.83,36.46,38.46,32.99,34.34,32.71,26.53,1.73,EB12074BB536ECC784E38B5BB2AEDF71
35.19,38.93,33.05,36.28,34.41,34.45,32.5,38.19,38.67,35.99,37.48,39.57,33.22,41.52,35.63,37.73,35.34,35.64,35.65,36.18,36.75,38.32,37.52,37.46,39.14,38.81,B2BD261BBA7596150D8F8FD4E3C04033
30.4,35.75,38.01,23.28,20.59,27.19,28.79,28.02,25.82,0,0,22.55,27.8,41.44,42.76,0,50.66,36.11,0,24.09,22.97,23.72,21.99,21.44,24.11,26.09,BE0F43FBA62172376E8FA5FA0BC15D0C
18.17,41.06,39.01,36.87,45.65,49.83,31.19,47.39,39.83,35.64,36.08,41.56,51.45,41.22,33.67,31.16,41.47,31.99,36.06,40.43,42.23,43.13,37.09,21.69,0,0,C9D68DF4BE169D0D96E8D74C78436C9A
58.86,0,99.69,78.45,107.3,93.52,102.22,75.07,75.26,88.39,80,100.81,111.25,41.22,23.94,19.17,19.86,19.12,18.12,19.98,8.09,1.71,2.2,1.6,1.43,1.44,468F4193EC4E6BFE352ADA491D09E13C
33.4,31.53,38.39,26.1,28.97,32.17,34.5,44.56,27.11,28.01,22.01,22.13,30.94,41.1,34.04,41.77,32.19,35.47,38.55,30.27,25.93,25.01,29.9,16.22,23.45,31.48,23B6370B6ED929797010D5C1285E71B7
5.59,10.54,9.4,6.06,4.79,12.73,6.81,7.04,13.52,8.69,10.95,16.42,41.38,40.99,37.34,0,35.79,22.65,21.12,24.39,25.16,23.8,20.13,18.54,13.47,14.77,74D23109E1260E8803DFBD23883DDAE4
56.08,43.23,41.03,39.41,39.12,38.91,41.24,40.41,42.95,48.32,48.95,41.48,42.06,40.97,47.7,54.1,46.57,47.68,46.34,45.81,55.41,53.61,50.06,45.96,51.24,56.42,345FDD129293EB058CBADB9C0422293A
0,0,0,45.19,45.2,52.73,45.17,43.57,47.88,46.49,37.21,55.04,47.07,40.97,43.04,40.8,45.12,39.8,39.83,33.56,34.41,37.74,30.27,27.58,26.51,18.55,C2376EE6B8ABDA9D42CC487E14A41B44
61,53.9,45.89,55.28,50.78,45.77,49.92,50.61,52.19,54.93,54.37,60.76,49.55,40.87,40.5,35.09,34.81,38.55,40.64,35.98,36.77,36.87,36.43,31.45,32.16,33.93,B5E33359935626DA3F47FF1485577391
39.7,41.14,37.17,39.72,41.47,40.16,39.88,36.97,38.86,42.32,40.53,40.9,40.08,40.86,40.89,35.84,37.01,36.3,38.58,36.53,37.11,39.39,39.44,39.33,38.03,41.31,B0661BD8483A59C4429FB07ABE30B1DC
46.76,39.45,41.55,41.63,49.25,39.97,36.37,38.62,38.76,44.4,43.39,39.71,41.84,40.86,43,39.18,46.31,39.98,43.48,40.4,45.39,40.97,46.25,41.17,44.03,39.58,04505DAB93477450F938D36542203EEA
38.42,37.52,38.37,45.11,37.8,37.08,38.74,37.84,41.39,38.94,38.78,37.56,38.87,40.85,38.25,37.67,37.46,37.16,38.18,37.29,37.61,36.45,38,37.41,37.96,37.1,4AA5F93D93B9BC1BF083E281B5E58C7F
40.96,41.47,41.5,41.36,41.12,41.11,41.48,41.58,41.26,41.1,41.63,41.31,41.43,40.73,41.01,41.76,41.76,41.44,41.69,41.76,41.56,41.22,41.24,41.58,41.84,41.68,5538EB02ABC051F3B71503444816C729
41.28,42.38,0,51.83,49.64,0,41.28,45.91,43.54,38.16,48.81,46.58,44.31,40.72,44.28,50.51,47.72,43.32,48.34,53.78,43.78,46.33,38.48,7.14,7.27,7.96,7F82EA123EA89E9C862E8FE6C1B84303
23.56,39.65,40.33,26.32,26.55,40.31,43.48,43.98,43.19,34.74,26.26,24.75,41.73,40.69,39.4,39.65,37.22,23.8,24.34,39.29,40.34,32.02,32.45,28.81,24.47,32.7,1BF87BB74B6731F2261BC7B63396F9AF
46.38,36.54,0,0,27.85,40.1,0,24.56,0,0,22.34,33.31,0,40.64,40.23,35.96,0,44.9,0,0,49.57,40.34,48.36,32.59,31.01,31.34,48A149289177818934745FA7A8913B38
33.85,32.74,39.73,39.69,36.71,30.52,28.42,0,30.41,0,0,0,0,40.49,34.74,34.02,33.31,38.17,0,31.88,38.28,40.04,33.84,38.45,36.75,40.18,18A106C89ABF15607CC4748D1F035A8B
55,42.68,40.41,49.83,58.63,57.47,61.22,55.87,55.18,51.66,50.91,49.69,55.13,40.48,24.54,22.51,17.71,27.81,16.63,30.28,26.11,18.3,25.63,44.67,28.66,21.58,4901A5BA92C952B8508DB3BFEA0260CB
52.43,44.65,33.47,30.52,45.81,34.32,22.75,29.99,37.59,31.51,30.3,33.8,39.74,40.39,37.27,40.6,40.2,44.37,48.47,49.92,52.93,52.82,55.74,49.38,50.11,44.19,098B08D3E33D18F14CAA9E3F9F69B924
38.16,39.28,39.71,37.09,35.55,35.4,42.07,43.41,38.24,37.29,37.17,37.11,39.38,40.38,40.22,38.25,32.84,35.56,37.08,42.04,41.48,38.86,32.79,39.67,37.37,37.71,502E5DA1E1D11B69328FECB99C636310
11.03,16.15,18.75,9.71,9.04,8.89,6.41,6.4,5.67,6.23,17.07,38.51,26.31,40.29,37.4,57.67,32.73,0,0,23.45,34.46,62.84,50.06,47.54,43.71,48.56,5601CDEAC7462F1912E99B043B1F8DCB
45.33,40.73,34.79,41.37,41.8,41.67,43.72,46.23,45.59,40.38,44.27,42.92,39.44,40.2,41.9,37.7,40.08,44.29,42.5,44.15,46.44,43.3,49.24,48.86,47.08,50.79,3FC39A2A5EEE0377ADC0182FC4912999
22.68,24.63,27.24,21.42,21.65,26.44,22.71,27.68,24.99,24.75,21.45,25.17,24.74,40.18,25.78,28.7,29.8,26.45,26.9,28.35,24.3,28.29,24.08,27.2,25.32,31.26,91E81577FEE183192CA840C84E11A4FC
48.17,46.34,48.91,56.05,55.23,46.15,38.62,47.68,46.5,50.46,48.85,45.23,44.37,40.02,48.91,44.9,40.07,54.67,45.78,43.65,46.66,42.42,46.51,48.43,47.26,57.61,63CDA0065A5B2AFA50642335FC43C7D6
